2026-05-25 08:29:01,419 [INFO] SMCBot.LiveTrader: =========================================================
2026-05-25 08:29:01,420 [INFO] SMCBot.LiveTrader: 🚀 MEMULAI AUTO-TRADING BOT XAUUSD SMC (MT5)
2026-05-25 08:29:01,421 [INFO] SMCBot.LiveTrader: =========================================================
2026-05-25 08:29:01,438 [INFO] SMCBot.MT5: ✅ MetaTrader 5 terhubung dengan sukses.
2026-05-25 08:29:03,081 [INFO] SMCBot.LiveTrader: 📅 Memulai hari baru trading: 2026-05-25. Reset loss harian ke $0.00.
2026-05-25 08:29:03,100 [INFO] SMCBot.MT5: ✅ MetaTrader 5 terhubung dengan sukses.
2026-05-25 08:29:21,636 [INFO] SMCBot.MT5: ✅ MetaTrader 5 terhubung dengan sukses.
2026-05-25 08:29:39,085 [INFO] SMCBot.MT5: ✅ MetaTrader 5 terhubung dengan sukses.
2026-05-25 08:32:00,539 [INFO] SMCBot.LiveTrader: =========================================================
2026-05-25 08:32:00,540 [INFO] SMCBot.LiveTrader: 🚀 MEMULAI AUTO-TRADING BOT XAUUSD SMC (MT5)
2026-05-25 08:32:00,543 [INFO] SMCBot.LiveTrader: =========================================================
2026-05-25 08:32:00,560 [INFO] SMCBot.MT5: ✅ MetaTrader 5 terhubung dengan sukses.
2026-05-25 08:32:00,562 [INFO] SMCBot.LiveTrader: 📨 Background Telegram Listener aktif.
2026-05-25 08:32:01,791 [INFO] SMCBot.LiveTrader: Pesan Telegram diterima: '/start'
2026-05-25 08:32:15,359 [INFO] SMCBot.LiveTrader: Pesan Telegram diterima: '/help'
2026-05-25 08:32:21,727 [ERROR] SMCBot.Telegram: Error saat mengirim pesan Telegram: HTTPSConnectionPool(host='api.telegram.org', port=443): Read timed out. (read timeout=10)
2026-05-25 08:32:21,728 [INFO] SMCBot.LiveTrader: 📅 Memulai hari baru trading: 2026-05-25. Reset loss harian ke $0.00.
2026-05-25 08:32:22,114 [INFO] SMCBot.MT5: ✅ MetaTrader 5 terhubung dengan sukses.
2026-05-25 08:32:40,461 [INFO] SMCBot.MT5: ✅ MetaTrader 5 terhubung dengan sukses.
2026-05-25 08:32:58,059 [INFO] SMCBot.MT5: ✅ MetaTrader 5 terhubung dengan sukses.
2026-05-25 08:33:15,274 [INFO] SMCBot.MT5: ✅ MetaTrader 5 terhubung dengan sukses.
2026-05-25 08:33:32,477 [INFO] SMCBot.MT5: ✅ MetaTrader 5 terhubung dengan sukses.
2026-05-25 08:33:49,771 [INFO] SMCBot.MT5: ✅ MetaTrader 5 terhubung dengan sukses.
2026-05-25 08:34:07,431 [INFO] SMCBot.MT5: ✅ MetaTrader 5 terhubung dengan sukses.
2026-05-25 08:34:12,340 [ERROR] SMCBot.LiveTrader: Error pada Telegram listener thread: HTTPSConnectionPool(host='api.telegram.org', port=443): Read timed out. (read timeout=20)
2026-05-25 08:34:24,717 [INFO] SMCBot.MT5: ✅ MetaTrader 5 terhubung dengan sukses.
2026-05-25 08:34:41,975 [INFO] SMCBot.MT5: ✅ MetaTrader 5 terhubung dengan sukses.
2026-05-25 08:34:59,599 [INFO] SMCBot.MT5: ✅ MetaTrader 5 terhubung dengan sukses.
2026-05-25 08:35:16,881 [INFO] SMCBot.MT5: ✅ MetaTrader 5 terhubung dengan sukses.
2026-05-25 08:35:34,570 [INFO] SMCBot.MT5: ✅ MetaTrader 5 terhubung dengan sukses.
2026-05-25 08:35:51,715 [INFO] SMCBot.MT5: ✅ MetaTrader 5 terhubung dengan sukses.
2026-05-25 08:36:09,270 [INFO] SMCBot.MT5: ✅ MetaTrader 5 terhubung dengan sukses.
2026-05-25 08:36:26,794 [INFO] SMCBot.MT5: ✅ MetaTrader 5 terhubung dengan sukses.
2026-05-25 08:36:44,054 [INFO] SMCBot.MT5: ✅ MetaTrader 5 terhubung dengan sukses.
2026-05-25 08:37:01,328 [INFO] SMCBot.MT5: ✅ MetaTrader 5 terhubung dengan sukses.
2026-05-25 08:37:18,972 [INFO] SMCBot.MT5: ✅ MetaTrader 5 terhubung dengan sukses.
2026-05-25 08:37:36,393 [INFO] SMCBot.MT5: ✅ MetaTrader 5 terhubung dengan sukses.
2026-05-25 08:37:53,882 [INFO] SMCBot.MT5: ✅ MetaTrader 5 terhubung dengan sukses.
2026-05-25 08:38:11,156 [INFO] SMCBot.MT5: ✅ MetaTrader 5 terhubung dengan sukses.
2026-05-25 08:38:28,580 [INFO] SMCBot.MT5: ✅ MetaTrader 5 terhubung dengan sukses.
2026-05-25 08:38:45,643 [INFO] SMCBot.MT5: ✅ MetaTrader 5 terhubung dengan sukses.
2026-05-25 08:39:03,449 [INFO] SMCBot.MT5: ✅ MetaTrader 5 terhubung dengan sukses.
2026-05-25 08:39:21,236 [INFO] SMCBot.MT5: ✅ MetaTrader 5 terhubung dengan sukses.
2026-05-25 08:39:38,653 [INFO] SMCBot.MT5: ✅ MetaTrader 5 terhubung dengan sukses.
2026-05-25 08:39:56,315 [INFO] SMCBot.MT5: ✅ MetaTrader 5 terhubung dengan sukses.
2026-05-25 08:40:14,295 [INFO] SMCBot.MT5: ✅ MetaTrader 5 terhubung dengan sukses.
2026-05-25 08:40:32,210 [INFO] SMCBot.MT5: ✅ MetaTrader 5 terhubung dengan sukses.
2026-05-25 08:40:50,016 [INFO] SMCBot.MT5: ✅ MetaTrader 5 terhubung dengan sukses.
2026-05-25 08:41:07,750 [INFO] SMCBot.MT5: ✅ MetaTrader 5 terhubung dengan sukses.
2026-05-25 08:41:25,657 [INFO] SMCBot.MT5: ✅ MetaTrader 5 terhubung dengan sukses.
2026-05-25 08:41:43,330 [INFO] SMCBot.MT5: ✅ MetaTrader 5 terhubung dengan sukses.
2026-05-25 08:42:01,932 [INFO] SMCBot.MT5: ✅ MetaTrader 5 terhubung dengan sukses.
2026-05-25 08:42:20,141 [INFO] SMCBot.MT5: ✅ MetaTrader 5 terhubung dengan sukses.
2026-05-25 08:42:37,897 [INFO] SMCBot.MT5: ✅ MetaTrader 5 terhubung dengan sukses.
2026-05-25 08:42:55,474 [INFO] SMCBot.MT5: ✅ MetaTrader 5 terhubung dengan sukses.
2026-05-25 08:43:11,596 [ERROR] SMCBot.LiveTrader: Error pada Telegram listener thread: HTTPSConnectionPool(host='api.telegram.org', port=443): Read timed out. (read timeout=20)
2026-05-25 08:43:13,541 [INFO] SMCBot.MT5: ✅ MetaTrader 5 terhubung dengan sukses.
2026-05-25 08:43:31,606 [INFO] SMCBot.MT5: ✅ MetaTrader 5 terhubung dengan sukses.
2026-05-25 08:43:52,175 [INFO] SMCBot.MT5: ✅ MetaTrader 5 terhubung dengan sukses.
2026-05-25 08:44:10,253 [INFO] SMCBot.MT5: ✅ MetaTrader 5 terhubung dengan sukses.
2026-05-25 08:44:28,624 [INFO] SMCBot.MT5: ✅ MetaTrader 5 terhubung dengan sukses.
2026-05-25 08:44:46,455 [INFO] SMCBot.MT5: ✅ MetaTrader 5 terhubung dengan sukses.
2026-05-25 08:45:04,381 [INFO] SMCBot.MT5: ✅ MetaTrader 5 terhubung dengan sukses.
2026-05-25 08:45:22,619 [INFO] SMCBot.MT5: ✅ MetaTrader 5 terhubung dengan sukses.
2026-05-25 08:45:40,842 [INFO] SMCBot.MT5: ✅ MetaTrader 5 terhubung dengan sukses.
2026-05-25 08:45:58,409 [INFO] SMCBot.MT5: ✅ MetaTrader 5 terhubung dengan sukses.
2026-05-25 08:46:16,322 [INFO] SMCBot.MT5: ✅ MetaTrader 5 terhubung dengan sukses.
2026-05-25 08:46:34,632 [INFO] SMCBot.MT5: ✅ MetaTrader 5 terhubung dengan sukses.
2026-05-25 08:46:52,990 [INFO] SMCBot.MT5: ✅ MetaTrader 5 terhubung dengan sukses.
2026-05-25 08:47:10,577 [INFO] SMCBot.MT5: ✅ MetaTrader 5 terhubung dengan sukses.
2026-05-25 08:48:40,722 [INFO] SMCBot.LiveTrader: =========================================================
2026-05-25 08:48:40,722 [INFO] SMCBot.LiveTrader: 🚀 MEMULAI AUTO-TRADING BOT XAUUSD SMC (MT5)
2026-05-25 08:48:40,722 [INFO] SMCBot.LiveTrader: =========================================================
2026-05-25 08:48:40,739 [INFO] SMCBot.MT5: ✅ MetaTrader 5 terhubung dengan sukses.
2026-05-25 08:48:40,740 [INFO] SMCBot.LiveTrader: 📨 Background Telegram Listener aktif.
2026-05-25 08:48:42,337 [INFO] SMCBot.LiveTrader: 📅 Memulai hari baru trading: 2026-05-25. Reset loss harian ke $0.00.
2026-05-25 08:48:42,356 [INFO] SMCBot.MT5: ✅ MetaTrader 5 terhubung dengan sukses.
2026-05-25 08:48:59,977 [INFO] SMCBot.MT5: ✅ MetaTrader 5 terhubung dengan sukses.
2026-05-25 08:49:17,118 [INFO] SMCBot.MT5: ✅ MetaTrader 5 terhubung dengan sukses.
2026-05-25 08:49:23,468 [INFO] SMCBot.LiveTrader: Pesan Telegram diterima: '/setlot 0.1'
2026-05-25 08:49:25,432 [INFO] SMCBot.LiveTrader: Lot trading diubah ke: 0.1
2026-05-25 08:49:34,317 [INFO] SMCBot.MT5: ✅ MetaTrader 5 terhubung dengan sukses.
2026-05-25 08:49:38,267 [INFO] SMCBot.LiveTrader: Pesan Telegram diterima: '/help'
2026-05-25 08:49:51,325 [INFO] SMCBot.MT5: ✅ MetaTrader 5 terhubung dengan sukses.
2026-05-25 08:49:55,341 [INFO] SMCBot.LiveTrader: Pesan Telegram diterima: '/testtrade'
2026-05-25 08:49:57,227 [INFO] SMCBot.MT5: ✅ MetaTrader 5 terhubung dengan sukses.
2026-05-25 08:49:57,228 [ERROR] SMCBot.MT5: Symbol XAUUSD tidak ditemukan di terminal MT5.
2026-05-25 08:50:09,376 [INFO] SMCBot.MT5: ✅ MetaTrader 5 terhubung dengan sukses.
2026-05-25 08:50:27,120 [INFO] SMCBot.MT5: ✅ MetaTrader 5 terhubung dengan sukses.
2026-05-25 08:50:45,306 [INFO] SMCBot.MT5: ✅ MetaTrader 5 terhubung dengan sukses.
2026-05-25 08:51:02,361 [INFO] SMCBot.MT5: ✅ MetaTrader 5 terhubung dengan sukses.
2026-05-25 08:51:20,331 [INFO] SMCBot.MT5: ✅ MetaTrader 5 terhubung dengan sukses.
2026-05-25 08:51:29,479 [INFO] SMCBot.LiveTrader: =========================================================
2026-05-25 08:51:29,480 [INFO] SMCBot.LiveTrader: 🚀 MEMULAI AUTO-TRADING BOT XAUUSD SMC (MT5)
2026-05-25 08:51:29,480 [INFO] SMCBot.LiveTrader: =========================================================
2026-05-25 08:51:29,493 [INFO] SMCBot.MT5: ✅ MetaTrader 5 terhubung dengan sukses.
2026-05-25 08:51:29,494 [INFO] SMCBot.LiveTrader: 📨 Background Telegram Listener aktif.
2026-05-25 08:51:31,554 [INFO] SMCBot.LiveTrader: 📅 Memulai hari baru trading: 2026-05-25. Reset loss harian ke $0.00.
2026-05-25 08:51:31,571 [INFO] SMCBot.MT5: ✅ MetaTrader 5 terhubung dengan sukses.
2026-05-25 08:51:37,913 [INFO] SMCBot.LiveTrader: Pesan Telegram diterima: '/testtrade'
2026-05-25 08:51:39,290 [INFO] SMCBot.MT5: ✅ MetaTrader 5 terhubung dengan sukses.
2026-05-25 08:51:41,534 [INFO] SMCBot.MT5: ✅ MetaTrader 5 terhubung dengan sukses.
2026-05-25 08:51:41,535 [INFO] SMCBot.MT5: Mengirim order BUY 0.1 lot @ 4566.0 | SL: 4562.3 | TP: 4567.3
2026-05-25 08:51:41,536 [ERROR] SMCBot.MT5: ❌ Order BUY gagal dikirim ke MT5. Error: (-2, 'Invalid "comment" argument')
2026-05-25 08:51:49,124 [INFO] SMCBot.MT5: ✅ MetaTrader 5 terhubung dengan sukses.
2026-05-25 08:52:06,722 [INFO] SMCBot.MT5: ✅ MetaTrader 5 terhubung dengan sukses.
2026-05-25 08:52:24,917 [INFO] SMCBot.MT5: ✅ MetaTrader 5 terhubung dengan sukses.
2026-05-25 08:52:42,242 [INFO] SMCBot.MT5: ✅ MetaTrader 5 terhubung dengan sukses.
2026-05-25 08:52:56,567 [INFO] SMCBot.LiveTrader: =========================================================
2026-05-25 08:52:56,567 [INFO] SMCBot.LiveTrader: 🚀 MEMULAI AUTO-TRADING BOT XAUUSD SMC (MT5)
2026-05-25 08:52:56,568 [INFO] SMCBot.LiveTrader: =========================================================
2026-05-25 08:52:56,582 [INFO] SMCBot.MT5: ✅ MetaTrader 5 terhubung dengan sukses.
2026-05-25 08:52:56,583 [INFO] SMCBot.LiveTrader: 📨 Background Telegram Listener aktif.
2026-05-25 08:52:58,259 [INFO] SMCBot.LiveTrader: 📅 Memulai hari baru trading: 2026-05-25. Reset loss harian ke $0.00.
2026-05-25 08:52:58,278 [INFO] SMCBot.MT5: ✅ MetaTrader 5 terhubung dengan sukses.
2026-05-25 08:53:08,932 [INFO] SMCBot.LiveTrader: Pesan Telegram diterima: '/setlot 0.01'
2026-05-25 08:53:10,280 [INFO] SMCBot.LiveTrader: Lot trading diubah ke: 0.01
2026-05-25 08:53:13,574 [INFO] SMCBot.LiveTrader: Pesan Telegram diterima: '/testtrade'
2026-05-25 08:53:15,060 [INFO] SMCBot.MT5: ✅ MetaTrader 5 terhubung dengan sukses.
2026-05-25 08:53:15,612 [INFO] SMCBot.MT5: ✅ MetaTrader 5 terhubung dengan sukses.
2026-05-25 08:53:17,441 [INFO] SMCBot.MT5: ✅ MetaTrader 5 terhubung dengan sukses.
2026-05-25 08:53:17,443 [INFO] SMCBot.MT5: Mengirim order BUY 0.01 lot @ 4565.31 | SL: 4563.31 | TP: 4568.31
2026-05-25 08:53:17,476 [ERROR] SMCBot.MT5: ❌ Order BUY ditolak oleh broker/MT5.
Retcode: 10030
Deskripsi: Unsupported filling mode
2026-05-25 08:53:33,130 [INFO] SMCBot.MT5: ✅ MetaTrader 5 terhubung dengan sukses.
2026-05-25 08:53:50,484 [INFO] SMCBot.MT5: ✅ MetaTrader 5 terhubung dengan sukses.
2026-05-25 08:54:10,810 [INFO] SMCBot.LiveTrader: =========================================================
2026-05-25 08:54:10,810 [INFO] SMCBot.LiveTrader: 🚀 MEMULAI AUTO-TRADING BOT XAUUSD SMC (MT5)
2026-05-25 08:54:10,811 [INFO] SMCBot.LiveTrader: =========================================================
2026-05-25 08:54:10,832 [INFO] SMCBot.MT5: ✅ MetaTrader 5 terhubung dengan sukses.
2026-05-25 08:54:10,833 [INFO] SMCBot.LiveTrader: 📨 Background Telegram Listener aktif.
2026-05-25 08:54:12,433 [INFO] SMCBot.LiveTrader: 📅 Memulai hari baru trading: 2026-05-25. Reset loss harian ke $0.00.
2026-05-25 08:54:12,453 [INFO] SMCBot.MT5: ✅ MetaTrader 5 terhubung dengan sukses.
2026-05-25 08:54:17,430 [INFO] SMCBot.LiveTrader: Pesan Telegram diterima: '/testtrade'
2026-05-25 08:54:19,491 [INFO] SMCBot.MT5: ✅ MetaTrader 5 terhubung dengan sukses.
2026-05-25 08:54:24,086 [INFO] SMCBot.MT5: ✅ MetaTrader 5 terhubung dengan sukses.
2026-05-25 08:54:24,087 [INFO] SMCBot.MT5: Mengirim order BUY 0.01 lot @ 4566.76 | SL: 4564.96 | TP: 4569.96
2026-05-25 08:54:24,619 [INFO] SMCBot.MT5: 🚀 *EKSEKUSI POSISI OTOMATIS BERHASIL!*

📈 *Arah:* BUY
💰 *Lot:* 0.01
💵 *Harga Entry:* 4566.76
🛑 *Stop Loss:* 4564.96
🎯 *Take Profit:* 4569.96
💬 *Alasan:* Uji coba Telegram Manual
2026-05-25 08:54:29,781 [INFO] SMCBot.MT5: ✅ MetaTrader 5 terhubung dengan sukses.
2026-05-25 08:54:39,026 [INFO] SMCBot.LiveTrader: Pesan Telegram diterima: 'close otomatis'
2026-05-25 08:54:47,402 [INFO] SMCBot.MT5: ✅ MetaTrader 5 terhubung dengan sukses.
2026-05-25 08:55:06,924 [INFO] SMCBot.MT5: ✅ MetaTrader 5 terhubung dengan sukses.
2026-05-25 08:55:24,293 [INFO] SMCBot.MT5: ✅ MetaTrader 5 terhubung dengan sukses.
2026-05-25 08:55:41,653 [INFO] SMCBot.MT5: ✅ MetaTrader 5 terhubung dengan sukses.
2026-05-25 08:55:59,356 [INFO] SMCBot.MT5: ✅ MetaTrader 5 terhubung dengan sukses.
2026-05-25 08:56:17,699 [INFO] SMCBot.MT5: ✅ MetaTrader 5 terhubung dengan sukses.
2026-05-25 08:56:35,596 [INFO] SMCBot.MT5: ✅ MetaTrader 5 terhubung dengan sukses.
2026-05-25 08:56:53,393 [INFO] SMCBot.MT5: ✅ MetaTrader 5 terhubung dengan sukses.
2026-05-25 08:57:10,703 [INFO] SMCBot.MT5: ✅ MetaTrader 5 terhubung dengan sukses.
2026-05-25 08:57:27,913 [INFO] SMCBot.MT5: ✅ MetaTrader 5 terhubung dengan sukses.
2026-05-25 08:57:37,539 [INFO] SMCBot.LiveTrader: =========================================================
2026-05-25 08:57:37,539 [INFO] SMCBot.LiveTrader: 🚀 MEMULAI AUTO-TRADING BOT XAUUSD SMC (MT5)
2026-05-25 08:57:37,539 [INFO] SMCBot.LiveTrader: =========================================================
2026-05-25 08:57:37,561 [INFO] SMCBot.MT5: ✅ MetaTrader 5 terhubung dengan sukses.
2026-05-25 08:57:37,563 [INFO] SMCBot.LiveTrader: 📨 Background Telegram Listener aktif.
2026-05-25 08:57:39,114 [INFO] SMCBot.LiveTrader: 📅 Memulai hari baru trading: 2026-05-25. Reset loss harian ke $0.00.
2026-05-25 08:57:39,134 [INFO] SMCBot.MT5: ✅ MetaTrader 5 terhubung dengan sukses.
2026-05-25 08:57:44,183 [INFO] SMCBot.LiveTrader: Pesan Telegram diterima: '/testtrade'
2026-05-25 08:57:45,833 [INFO] SMCBot.MT5: ✅ MetaTrader 5 terhubung dengan sukses.
2026-05-25 08:57:47,250 [INFO] SMCBot.MT5: ✅ MetaTrader 5 terhubung dengan sukses.
2026-05-25 08:57:47,252 [INFO] SMCBot.MT5: Mengirim order BUY 0.01 lot @ 4562.66 | SL: 4560.69 | TP: 4565.69
2026-05-25 08:57:47,640 [INFO] SMCBot.MT5: 🚀 *EKSEKUSI POSISI OTOMATIS BERHASIL!*

📈 *Arah:* BUY
💰 *Lot:* 0.01
💵 *Harga Entry:* 4562.75
🛑 *Stop Loss:* 4560.69
🎯 *Take Profit:* 4565.69
💬 *Alasan:* Uji coba Telegram Manual
2026-05-25 08:57:56,310 [INFO] SMCBot.MT5: ✅ MetaTrader 5 terhubung dengan sukses.
2026-05-25 08:58:12,838 [INFO] SMCBot.LiveTrader: Pesan Telegram diterima: '/status'
2026-05-25 08:58:12,859 [INFO] SMCBot.MT5: ✅ MetaTrader 5 terhubung dengan sukses.
2026-05-25 08:58:14,368 [INFO] SMCBot.MT5: ✅ MetaTrader 5 terhubung dengan sukses.
2026-05-25 08:58:30,556 [INFO] SMCBot.LiveTrader: Pesan Telegram diterima: '/help'
2026-05-25 08:58:31,834 [INFO] SMCBot.MT5: ✅ MetaTrader 5 terhubung dengan sukses.
2026-05-25 08:58:49,304 [INFO] SMCBot.MT5: ✅ MetaTrader 5 terhubung dengan sukses.
2026-05-25 08:58:53,110 [INFO] SMCBot.LiveTrader: Pesan Telegram diterima: '/setloss 1000'
2026-05-25 08:58:55,037 [INFO] SMCBot.LiveTrader: Daily loss limit diubah ke: 1000.0
2026-05-25 08:59:06,926 [INFO] SMCBot.MT5: ✅ MetaTrader 5 terhubung dengan sukses.
2026-05-25 08:59:25,658 [INFO] SMCBot.MT5: ✅ MetaTrader 5 terhubung dengan sukses.
2026-05-25 08:59:43,325 [INFO] SMCBot.MT5: ✅ MetaTrader 5 terhubung dengan sukses.
2026-05-25 09:00:00,599 [INFO] SMCBot.MT5: ✅ MetaTrader 5 terhubung dengan sukses.
2026-05-25 09:00:17,641 [INFO] SMCBot.MT5: ✅ MetaTrader 5 terhubung dengan sukses.
2026-05-25 09:00:28,670 [INFO] SMCBot.LiveTrader: Pesan Telegram diterima: '/setlot 0.05'
2026-05-25 09:00:30,671 [INFO] SMCBot.LiveTrader: Lot trading diubah ke: 0.05
2026-05-25 09:00:35,640 [INFO] SMCBot.MT5: ✅ MetaTrader 5 terhubung dengan sukses.
2026-05-25 09:00:53,220 [INFO] SMCBot.MT5: ✅ MetaTrader 5 terhubung dengan sukses.
2026-05-25 09:00:53,545 [INFO] SMCBot.LiveTrader: Pesan Telegram diterima: '/status'
2026-05-25 09:00:53,560 [INFO] SMCBot.MT5: ✅ MetaTrader 5 terhubung dengan sukses.
2026-05-25 09:01:10,746 [INFO] SMCBot.MT5: ✅ MetaTrader 5 terhubung dengan sukses.
2026-05-25 09:01:30,789 [INFO] SMCBot.MT5: ✅ MetaTrader 5 terhubung dengan sukses.
2026-05-25 09:01:47,951 [INFO] SMCBot.MT5: ✅ MetaTrader 5 terhubung dengan sukses.
2026-05-25 09:02:05,518 [INFO] SMCBot.MT5: ✅ MetaTrader 5 terhubung dengan sukses.
2026-05-25 09:02:22,820 [INFO] SMCBot.MT5: ✅ MetaTrader 5 terhubung dengan sukses.
2026-05-25 09:02:40,290 [INFO] SMCBot.MT5: ✅ MetaTrader 5 terhubung dengan sukses.
2026-05-25 09:02:57,759 [INFO] SMCBot.MT5: ✅ MetaTrader 5 terhubung dengan sukses.
2026-05-25 09:03:15,358 [INFO] SMCBot.MT5: ✅ MetaTrader 5 terhubung dengan sukses.
2026-05-25 09:03:32,882 [INFO] SMCBot.MT5: ✅ MetaTrader 5 terhubung dengan sukses.
2026-05-25 09:03:50,209 [INFO] SMCBot.MT5: ✅ MetaTrader 5 terhubung dengan sukses.
2026-05-25 09:04:07,622 [INFO] SMCBot.MT5: ✅ MetaTrader 5 terhubung dengan sukses.
2026-05-25 09:04:24,825 [INFO] SMCBot.MT5: ✅ MetaTrader 5 terhubung dengan sukses.
2026-05-25 09:04:42,557 [INFO] SMCBot.MT5: ✅ MetaTrader 5 terhubung dengan sukses.
2026-05-25 09:04:59,866 [INFO] SMCBot.MT5: ✅ MetaTrader 5 terhubung dengan sukses.
2026-05-25 09:05:18,277 [INFO] SMCBot.MT5: ✅ MetaTrader 5 terhubung dengan sukses.
2026-05-25 09:05:35,913 [INFO] SMCBot.MT5: ✅ MetaTrader 5 terhubung dengan sukses.
2026-05-25 09:05:54,129 [INFO] SMCBot.MT5: ✅ MetaTrader 5 terhubung dengan sukses.
2026-05-25 09:06:11,647 [INFO] SMCBot.MT5: ✅ MetaTrader 5 terhubung dengan sukses.
2026-05-25 09:06:30,783 [INFO] SMCBot.MT5: ✅ MetaTrader 5 terhubung dengan sukses.
2026-05-25 09:06:48,420 [INFO] SMCBot.MT5: ✅ MetaTrader 5 terhubung dengan sukses.
2026-05-25 09:07:06,169 [INFO] SMCBot.MT5: ✅ MetaTrader 5 terhubung dengan sukses.
2026-05-25 09:07:23,984 [INFO] SMCBot.MT5: ✅ MetaTrader 5 terhubung dengan sukses.
2026-05-25 09:07:41,705 [INFO] SMCBot.MT5: ✅ MetaTrader 5 terhubung dengan sukses.
2026-05-25 09:07:59,255 [INFO] SMCBot.MT5: ✅ MetaTrader 5 terhubung dengan sukses.
2026-05-25 09:08:16,782 [INFO] SMCBot.MT5: ✅ MetaTrader 5 terhubung dengan sukses.
2026-05-25 09:08:34,567 [INFO] SMCBot.MT5: ✅ MetaTrader 5 terhubung dengan sukses.
2026-05-25 09:08:51,051 [ERROR] SMCBot.LiveTrader: Error pada Telegram listener thread: HTTPSConnectionPool(host='api.telegram.org', port=443): Read timed out. (read timeout=20)
2026-05-25 09:08:52,172 [INFO] SMCBot.MT5: ✅ MetaTrader 5 terhubung dengan sukses.
2026-05-25 09:09:09,735 [INFO] SMCBot.MT5: ✅ MetaTrader 5 terhubung dengan sukses.
2026-05-25 09:09:27,663 [INFO] SMCBot.MT5: ✅ MetaTrader 5 terhubung dengan sukses.
2026-05-25 09:09:45,264 [INFO] SMCBot.MT5: ✅ MetaTrader 5 terhubung dengan sukses.
2026-05-25 09:10:03,265 [INFO] SMCBot.MT5: ✅ MetaTrader 5 terhubung dengan sukses.
2026-05-25 09:10:20,957 [INFO] SMCBot.MT5: ✅ MetaTrader 5 terhubung dengan sukses.
2026-05-25 09:10:39,209 [INFO] SMCBot.MT5: ✅ MetaTrader 5 terhubung dengan sukses.
2026-05-25 09:10:57,124 [INFO] SMCBot.MT5: ✅ MetaTrader 5 terhubung dengan sukses.
2026-05-25 09:11:14,905 [INFO] SMCBot.MT5: ✅ MetaTrader 5 terhubung dengan sukses.
2026-05-25 09:11:32,445 [INFO] SMCBot.MT5: ✅ MetaTrader 5 terhubung dengan sukses.
2026-05-25 09:11:50,012 [INFO] SMCBot.MT5: ✅ MetaTrader 5 terhubung dengan sukses.
2026-05-25 09:12:07,708 [INFO] SMCBot.MT5: ✅ MetaTrader 5 terhubung dengan sukses.
2026-05-25 09:12:25,645 [INFO] SMCBot.MT5: ✅ MetaTrader 5 terhubung dengan sukses.
2026-05-25 09:12:44,459 [INFO] SMCBot.MT5: ✅ MetaTrader 5 terhubung dengan sukses.
2026-05-25 09:13:02,137 [INFO] SMCBot.MT5: ✅ MetaTrader 5 terhubung dengan sukses.
2026-05-25 09:13:20,489 [INFO] SMCBot.MT5: ✅ MetaTrader 5 terhubung dengan sukses.
2026-05-25 09:13:38,917 [INFO] SMCBot.MT5: ✅ MetaTrader 5 terhubung dengan sukses.
2026-05-25 09:13:56,953 [INFO] SMCBot.MT5: ✅ MetaTrader 5 terhubung dengan sukses.
2026-05-25 09:14:14,528 [INFO] SMCBot.MT5: ✅ MetaTrader 5 terhubung dengan sukses.
2026-05-25 09:14:32,179 [INFO] SMCBot.MT5: ✅ MetaTrader 5 terhubung dengan sukses.
2026-05-25 09:14:50,306 [INFO] SMCBot.MT5: ✅ MetaTrader 5 terhubung dengan sukses.
2026-05-25 09:15:08,741 [INFO] SMCBot.MT5: ✅ MetaTrader 5 terhubung dengan sukses.
2026-05-25 09:15:27,086 [INFO] SMCBot.MT5: ✅ MetaTrader 5 terhubung dengan sukses.
2026-05-25 09:15:44,525 [INFO] SMCBot.MT5: ✅ MetaTrader 5 terhubung dengan sukses.
2026-05-25 09:16:02,501 [INFO] SMCBot.MT5: ✅ MetaTrader 5 terhubung dengan sukses.
2026-05-25 09:16:19,876 [INFO] SMCBot.MT5: ✅ MetaTrader 5 terhubung dengan sukses.
2026-05-25 09:16:38,598 [INFO] SMCBot.MT5: ✅ MetaTrader 5 terhubung dengan sukses.
2026-05-25 09:16:57,984 [INFO] SMCBot.MT5: ✅ MetaTrader 5 terhubung dengan sukses.
2026-05-25 09:17:15,990 [INFO] SMCBot.MT5: ✅ MetaTrader 5 terhubung dengan sukses.
2026-05-25 09:17:33,676 [INFO] SMCBot.MT5: ✅ MetaTrader 5 terhubung dengan sukses.
2026-05-25 09:17:51,362 [INFO] SMCBot.MT5: ✅ MetaTrader 5 terhubung dengan sukses.
2026-05-25 09:18:09,120 [INFO] SMCBot.MT5: ✅ MetaTrader 5 terhubung dengan sukses.
2026-05-25 09:18:27,068 [INFO] SMCBot.MT5: ✅ MetaTrader 5 terhubung dengan sukses.
2026-05-25 09:18:44,707 [INFO] SMCBot.MT5: ✅ MetaTrader 5 terhubung dengan sukses.
2026-05-25 09:19:02,605 [INFO] SMCBot.MT5: ✅ MetaTrader 5 terhubung dengan sukses.
2026-05-25 09:19:20,602 [INFO] SMCBot.MT5: ✅ MetaTrader 5 terhubung dengan sukses.
2026-05-25 09:19:40,121 [INFO] SMCBot.MT5: ✅ MetaTrader 5 terhubung dengan sukses.
2026-05-25 09:19:59,488 [INFO] SMCBot.MT5: ✅ MetaTrader 5 terhubung dengan sukses.
2026-05-25 09:20:17,307 [INFO] SMCBot.MT5: ✅ MetaTrader 5 terhubung dengan sukses.
2026-05-25 09:20:35,166 [INFO] SMCBot.MT5: ✅ MetaTrader 5 terhubung dengan sukses.
2026-05-25 09:20:47,292 [ERROR] SMCBot.LiveTrader: Error pada Telegram listener thread: HTTPSConnectionPool(host='api.telegram.org', port=443): Read timed out. (read timeout=20)
2026-05-25 09:20:53,157 [INFO] SMCBot.MT5: ✅ MetaTrader 5 terhubung dengan sukses.
2026-05-25 09:21:11,156 [INFO] SMCBot.MT5: ✅ MetaTrader 5 terhubung dengan sukses.
2026-05-25 09:21:29,193 [INFO] SMCBot.MT5: ✅ MetaTrader 5 terhubung dengan sukses.
2026-05-25 09:21:46,367 [INFO] SMCBot.MT5: ✅ MetaTrader 5 terhubung dengan sukses.
2026-05-25 09:22:03,671 [INFO] SMCBot.MT5: ✅ MetaTrader 5 terhubung dengan sukses.
2026-05-25 09:22:20,899 [INFO] SMCBot.MT5: ✅ MetaTrader 5 terhubung dengan sukses.
2026-05-25 09:22:38,291 [INFO] SMCBot.MT5: ✅ MetaTrader 5 terhubung dengan sukses.
2026-05-25 09:22:55,842 [INFO] SMCBot.MT5: ✅ MetaTrader 5 terhubung dengan sukses.
2026-05-25 09:23:14,142 [INFO] SMCBot.MT5: ✅ MetaTrader 5 terhubung dengan sukses.
2026-05-25 09:23:31,504 [INFO] SMCBot.MT5: ✅ MetaTrader 5 terhubung dengan sukses.
2026-05-25 09:23:49,025 [INFO] SMCBot.MT5: ✅ MetaTrader 5 terhubung dengan sukses.
2026-05-25 09:24:06,339 [INFO] SMCBot.MT5: ✅ MetaTrader 5 terhubung dengan sukses.
2026-05-25 09:24:24,150 [INFO] SMCBot.MT5: ✅ MetaTrader 5 terhubung dengan sukses.
2026-05-25 09:24:41,352 [INFO] SMCBot.MT5: ✅ MetaTrader 5 terhubung dengan sukses.
2026-05-25 09:24:58,701 [INFO] SMCBot.MT5: ✅ MetaTrader 5 terhubung dengan sukses.
2026-05-25 09:25:16,490 [INFO] SMCBot.MT5: ✅ MetaTrader 5 terhubung dengan sukses.
2026-05-25 09:25:33,976 [INFO] SMCBot.MT5: ✅ MetaTrader 5 terhubung dengan sukses.
2026-05-25 09:25:51,916 [INFO] SMCBot.MT5: ✅ MetaTrader 5 terhubung dengan sukses.
2026-05-25 09:26:09,854 [INFO] SMCBot.MT5: ✅ MetaTrader 5 terhubung dengan sukses.
2026-05-25 09:26:27,453 [INFO] SMCBot.MT5: ✅ MetaTrader 5 terhubung dengan sukses.
2026-05-25 09:26:45,817 [INFO] SMCBot.MT5: ✅ MetaTrader 5 terhubung dengan sukses.
2026-05-25 09:27:03,903 [INFO] SMCBot.MT5: ✅ MetaTrader 5 terhubung dengan sukses.
2026-05-25 09:27:21,738 [INFO] SMCBot.MT5: ✅ MetaTrader 5 terhubung dengan sukses.
2026-05-25 09:27:39,853 [INFO] SMCBot.MT5: ✅ MetaTrader 5 terhubung dengan sukses.
2026-05-25 09:27:57,584 [INFO] SMCBot.MT5: ✅ MetaTrader 5 terhubung dengan sukses.
2026-05-25 09:28:02,053 [INFO] SMCBot.LiveTrader: Pesan Telegram diterima: '/status'
2026-05-25 09:28:02,076 [INFO] SMCBot.MT5: ✅ MetaTrader 5 terhubung dengan sukses.
2026-05-25 09:53:46,416 [INFO] SMCBot.LiveTrader: =========================================================
2026-05-25 09:53:46,417 [INFO] SMCBot.LiveTrader: 🚀 MEMULAI AUTO-TRADING BOT XAUUSD SMC (MT5)
2026-05-25 09:53:46,418 [INFO] SMCBot.LiveTrader: =========================================================
2026-05-25 09:53:46,444 [INFO] SMCBot.MT5: ✅ MetaTrader 5 terhubung dengan sukses.
2026-05-25 09:53:46,445 [INFO] SMCBot.LiveTrader: 📨 Background Telegram Listener aktif.
2026-05-25 09:53:47,650 [INFO] SMCBot.LiveTrader: Pesan Telegram diterima: '/status'
2026-05-25 09:53:47,664 [INFO] SMCBot.MT5: ✅ MetaTrader 5 terhubung dengan sukses.
2026-05-25 09:53:47,897 [INFO] SMCBot.LiveTrader: 📅 Memulai hari baru trading: 2026-05-25. Reset loss harian ke $0.00.
2026-05-25 09:53:47,917 [INFO] SMCBot.MT5: ✅ MetaTrader 5 terhubung dengan sukses.
2026-05-25 09:53:49,019 [INFO] SMCBot.LiveTrader: Pesan Telegram diterima: '/status'
2026-05-25 09:53:49,036 [INFO] SMCBot.MT5: ✅ MetaTrader 5 terhubung dengan sukses.
2026-05-25 09:54:04,992 [INFO] SMCBot.MT5: ✅ MetaTrader 5 terhubung dengan sukses.
2026-05-25 09:54:21,614 [INFO] SMCBot.MT5: ✅ MetaTrader 5 terhubung dengan sukses.
2026-05-25 09:54:38,193 [INFO] SMCBot.MT5: ✅ MetaTrader 5 terhubung dengan sukses.
2026-05-25 09:54:55,347 [INFO] SMCBot.MT5: ✅ MetaTrader 5 terhubung dengan sukses.
2026-05-25 09:55:12,413 [INFO] SMCBot.MT5: ✅ MetaTrader 5 terhubung dengan sukses.
2026-05-25 09:55:29,701 [INFO] SMCBot.MT5: ✅ MetaTrader 5 terhubung dengan sukses.
2026-05-25 09:55:47,475 [INFO] SMCBot.MT5: ✅ MetaTrader 5 terhubung dengan sukses.
2026-05-25 09:56:04,480 [INFO] SMCBot.MT5: ✅ MetaTrader 5 terhubung dengan sukses.
2026-05-25 09:56:21,784 [INFO] SMCBot.MT5: ✅ MetaTrader 5 terhubung dengan sukses.
2026-05-25 09:56:38,402 [INFO] SMCBot.MT5: ✅ MetaTrader 5 terhubung dengan sukses.
2026-05-25 09:56:55,184 [INFO] SMCBot.MT5: ✅ MetaTrader 5 terhubung dengan sukses.
2026-05-25 09:57:12,157 [INFO] SMCBot.MT5: ✅ MetaTrader 5 terhubung dengan sukses.
2026-05-25 09:57:29,181 [INFO] SMCBot.MT5: ✅ MetaTrader 5 terhubung dengan sukses.
2026-05-25 09:57:45,861 [INFO] SMCBot.MT5: ✅ MetaTrader 5 terhubung dengan sukses.
2026-05-25 09:58:02,432 [INFO] SMCBot.MT5: ✅ MetaTrader 5 terhubung dengan sukses.
2026-05-25 09:58:18,999 [INFO] SMCBot.MT5: ✅ MetaTrader 5 terhubung dengan sukses.
2026-05-25 09:58:35,748 [INFO] SMCBot.MT5: ✅ MetaTrader 5 terhubung dengan sukses.
2026-05-25 09:58:52,332 [INFO] SMCBot.MT5: ✅ MetaTrader 5 terhubung dengan sukses.
2026-05-25 09:59:09,591 [INFO] SMCBot.MT5: ✅ MetaTrader 5 terhubung dengan sukses.
2026-05-25 09:59:26,398 [INFO] SMCBot.MT5: ✅ MetaTrader 5 terhubung dengan sukses.
2026-05-25 09:59:43,503 [INFO] SMCBot.MT5: ✅ MetaTrader 5 terhubung dengan sukses.
2026-05-25 10:00:00,177 [INFO] SMCBot.MT5: ✅ MetaTrader 5 terhubung dengan sukses.
2026-05-25 10:00:16,912 [INFO] SMCBot.MT5: ✅ MetaTrader 5 terhubung dengan sukses.
2026-05-25 10:00:33,776 [INFO] SMCBot.MT5: ✅ MetaTrader 5 terhubung dengan sukses.
2026-05-25 10:00:50,925 [INFO] SMCBot.MT5: ✅ MetaTrader 5 terhubung dengan sukses.
2026-05-25 10:01:07,983 [INFO] SMCBot.MT5: ✅ MetaTrader 5 terhubung dengan sukses.
2026-05-25 10:01:25,044 [INFO] SMCBot.MT5: ✅ MetaTrader 5 terhubung dengan sukses.
2026-05-25 10:01:41,910 [INFO] SMCBot.MT5: ✅ MetaTrader 5 terhubung dengan sukses.
2026-05-25 10:01:59,402 [INFO] SMCBot.MT5: ✅ MetaTrader 5 terhubung dengan sukses.
2026-05-25 10:02:16,648 [INFO] SMCBot.MT5: ✅ MetaTrader 5 terhubung dengan sukses.
2026-05-25 10:02:33,917 [INFO] SMCBot.MT5: ✅ MetaTrader 5 terhubung dengan sukses.
2026-05-25 10:02:50,849 [INFO] SMCBot.MT5: ✅ MetaTrader 5 terhubung dengan sukses.
2026-05-25 10:03:08,006 [INFO] SMCBot.MT5: ✅ MetaTrader 5 terhubung dengan sukses.
2026-05-25 10:03:24,801 [INFO] SMCBot.MT5: ✅ MetaTrader 5 terhubung dengan sukses.
2026-05-25 10:03:41,792 [INFO] SMCBot.MT5: ✅ MetaTrader 5 terhubung dengan sukses.
2026-05-25 10:03:58,598 [INFO] SMCBot.MT5: ✅ MetaTrader 5 terhubung dengan sukses.
2026-05-25 10:04:15,625 [INFO] SMCBot.MT5: ✅ MetaTrader 5 terhubung dengan sukses.
2026-05-25 10:04:32,584 [INFO] SMCBot.MT5: ✅ MetaTrader 5 terhubung dengan sukses.
2026-05-25 10:04:49,340 [INFO] SMCBot.MT5: ✅ MetaTrader 5 terhubung dengan sukses.
2026-05-25 10:05:06,409 [INFO] SMCBot.MT5: ✅ MetaTrader 5 terhubung dengan sukses.
2026-05-25 10:05:23,324 [INFO] SMCBot.MT5: ✅ MetaTrader 5 terhubung dengan sukses.
2026-05-25 10:05:40,264 [INFO] SMCBot.MT5: ✅ MetaTrader 5 terhubung dengan sukses.
2026-05-25 10:05:56,673 [INFO] SMCBot.MT5: ✅ MetaTrader 5 terhubung dengan sukses.
2026-05-25 10:06:13,299 [INFO] SMCBot.MT5: ✅ MetaTrader 5 terhubung dengan sukses.
2026-05-25 10:06:30,078 [INFO] SMCBot.MT5: ✅ MetaTrader 5 terhubung dengan sukses.
2026-05-25 10:06:46,467 [INFO] SMCBot.MT5: ✅ MetaTrader 5 terhubung dengan sukses.
2026-05-25 10:07:02,586 [INFO] SMCBot.MT5: ✅ MetaTrader 5 terhubung dengan sukses.
2026-05-25 10:07:19,097 [INFO] SMCBot.MT5: ✅ MetaTrader 5 terhubung dengan sukses.
2026-05-25 10:07:35,803 [INFO] SMCBot.MT5: ✅ MetaTrader 5 terhubung dengan sukses.
2026-05-25 10:07:52,501 [INFO] SMCBot.MT5: ✅ MetaTrader 5 terhubung dengan sukses.
2026-05-25 10:08:09,063 [INFO] SMCBot.MT5: ✅ MetaTrader 5 terhubung dengan sukses.
2026-05-25 10:08:25,751 [INFO] SMCBot.MT5: ✅ MetaTrader 5 terhubung dengan sukses.
2026-05-25 10:08:42,869 [INFO] SMCBot.MT5: ✅ MetaTrader 5 terhubung dengan sukses.
2026-05-25 10:08:59,348 [INFO] SMCBot.MT5: ✅ MetaTrader 5 terhubung dengan sukses.
2026-05-25 10:09:15,451 [INFO] SMCBot.MT5: ✅ MetaTrader 5 terhubung dengan sukses.
2026-05-25 10:09:31,942 [INFO] SMCBot.MT5: ✅ MetaTrader 5 terhubung dengan sukses.
2026-05-25 10:09:35,836 [INFO] SMCBot.LiveTrader: Pesan Telegram diterima: '/status'
2026-05-25 10:09:35,850 [INFO] SMCBot.MT5: ✅ MetaTrader 5 terhubung dengan sukses.
2026-05-25 10:09:48,617 [INFO] SMCBot.MT5: ✅ MetaTrader 5 terhubung dengan sukses.
2026-05-25 10:10:05,578 [INFO] SMCBot.MT5: ✅ MetaTrader 5 terhubung dengan sukses.
2026-05-25 10:10:22,007 [INFO] SMCBot.MT5: ✅ MetaTrader 5 terhubung dengan sukses.
2026-05-25 10:10:38,672 [INFO] SMCBot.MT5: ✅ MetaTrader 5 terhubung dengan sukses.
2026-05-25 10:10:55,174 [INFO] SMCBot.MT5: ✅ MetaTrader 5 terhubung dengan sukses.
2026-05-25 10:11:11,401 [INFO] SMCBot.MT5: ✅ MetaTrader 5 terhubung dengan sukses.
2026-05-25 10:11:27,855 [INFO] SMCBot.MT5: ✅ MetaTrader 5 terhubung dengan sukses.
2026-05-25 10:11:44,770 [INFO] SMCBot.MT5: ✅ MetaTrader 5 terhubung dengan sukses.
2026-05-25 10:12:01,798 [INFO] SMCBot.MT5: ✅ MetaTrader 5 terhubung dengan sukses.
2026-05-25 10:12:18,653 [INFO] SMCBot.MT5: ✅ MetaTrader 5 terhubung dengan sukses.
2026-05-25 10:12:35,336 [INFO] SMCBot.MT5: ✅ MetaTrader 5 terhubung dengan sukses.
2026-05-25 10:12:52,635 [INFO] SMCBot.MT5: ✅ MetaTrader 5 terhubung dengan sukses.
2026-05-25 10:13:09,325 [INFO] SMCBot.MT5: ✅ MetaTrader 5 terhubung dengan sukses.
2026-05-25 10:13:25,770 [INFO] SMCBot.MT5: ✅ MetaTrader 5 terhubung dengan sukses.
2026-05-25 10:13:42,488 [INFO] SMCBot.MT5: ✅ MetaTrader 5 terhubung dengan sukses.
2026-05-25 10:13:59,640 [INFO] SMCBot.MT5: ✅ MetaTrader 5 terhubung dengan sukses.
2026-05-25 10:14:16,530 [INFO] SMCBot.MT5: ✅ MetaTrader 5 terhubung dengan sukses.
2026-05-25 10:14:32,985 [INFO] SMCBot.MT5: ✅ MetaTrader 5 terhubung dengan sukses.
2026-05-25 10:14:49,745 [INFO] SMCBot.MT5: ✅ MetaTrader 5 terhubung dengan sukses.
2026-05-25 10:15:06,245 [INFO] SMCBot.MT5: ✅ MetaTrader 5 terhubung dengan sukses.
2026-05-25 10:15:22,711 [INFO] SMCBot.MT5: ✅ MetaTrader 5 terhubung dengan sukses.
2026-05-25 10:15:39,251 [INFO] SMCBot.MT5: ✅ MetaTrader 5 terhubung dengan sukses.
2026-05-25 10:15:55,848 [INFO] SMCBot.MT5: ✅ MetaTrader 5 terhubung dengan sukses.
2026-05-25 10:16:12,329 [INFO] SMCBot.MT5: ✅ MetaTrader 5 terhubung dengan sukses.
2026-05-25 10:16:29,033 [INFO] SMCBot.MT5: ✅ MetaTrader 5 terhubung dengan sukses.
2026-05-25 10:16:45,589 [INFO] SMCBot.MT5: ✅ MetaTrader 5 terhubung dengan sukses.
2026-05-25 10:17:02,046 [INFO] SMCBot.MT5: ✅ MetaTrader 5 terhubung dengan sukses.
2026-05-25 10:17:18,260 [INFO] SMCBot.MT5: ✅ MetaTrader 5 terhubung dengan sukses.
2026-05-25 10:17:34,905 [INFO] SMCBot.MT5: ✅ MetaTrader 5 terhubung dengan sukses.
2026-05-25 10:17:51,384 [INFO] SMCBot.MT5: ✅ MetaTrader 5 terhubung dengan sukses.
2026-05-25 10:18:08,083 [INFO] SMCBot.MT5: ✅ MetaTrader 5 terhubung dengan sukses.
2026-05-25 10:18:24,611 [INFO] SMCBot.MT5: ✅ MetaTrader 5 terhubung dengan sukses.
2026-05-25 10:18:41,245 [INFO] SMCBot.MT5: ✅ MetaTrader 5 terhubung dengan sukses.
2026-05-25 10:18:57,687 [INFO] SMCBot.MT5: ✅ MetaTrader 5 terhubung dengan sukses.
2026-05-25 10:19:13,878 [INFO] SMCBot.MT5: ✅ MetaTrader 5 terhubung dengan sukses.
2026-05-25 10:19:30,487 [INFO] SMCBot.MT5: ✅ MetaTrader 5 terhubung dengan sukses.
2026-05-25 10:19:47,186 [INFO] SMCBot.MT5: ✅ MetaTrader 5 terhubung dengan sukses.
2026-05-25 10:20:03,464 [INFO] SMCBot.MT5: ✅ MetaTrader 5 terhubung dengan sukses.
2026-05-25 10:20:19,998 [INFO] SMCBot.MT5: ✅ MetaTrader 5 terhubung dengan sukses.
2026-05-25 10:20:36,547 [INFO] SMCBot.MT5: ✅ MetaTrader 5 terhubung dengan sukses.
2026-05-25 10:20:53,346 [INFO] SMCBot.MT5: ✅ MetaTrader 5 terhubung dengan sukses.
2026-05-25 10:21:10,104 [INFO] SMCBot.MT5: ✅ MetaTrader 5 terhubung dengan sukses.
2026-05-25 10:21:26,288 [INFO] SMCBot.MT5: ✅ MetaTrader 5 terhubung dengan sukses.
2026-05-25 10:21:42,849 [INFO] SMCBot.MT5: ✅ MetaTrader 5 terhubung dengan sukses.
2026-05-25 10:21:59,877 [INFO] SMCBot.MT5: ✅ MetaTrader 5 terhubung dengan sukses.
2026-05-25 10:22:16,078 [INFO] SMCBot.MT5: ✅ MetaTrader 5 terhubung dengan sukses.
2026-05-25 10:22:32,323 [INFO] SMCBot.MT5: ✅ MetaTrader 5 terhubung dengan sukses.
2026-05-25 10:22:48,424 [INFO] SMCBot.MT5: ✅ MetaTrader 5 terhubung dengan sukses.
2026-05-25 10:23:04,812 [INFO] SMCBot.MT5: ✅ MetaTrader 5 terhubung dengan sukses.
2026-05-25 10:23:21,079 [INFO] SMCBot.MT5: ✅ MetaTrader 5 terhubung dengan sukses.
2026-05-25 10:23:37,719 [INFO] SMCBot.MT5: ✅ MetaTrader 5 terhubung dengan sukses.
2026-05-25 10:23:53,963 [INFO] SMCBot.MT5: ✅ MetaTrader 5 terhubung dengan sukses.
2026-05-25 10:24:10,644 [INFO] SMCBot.MT5: ✅ MetaTrader 5 terhubung dengan sukses.
2026-05-25 10:24:27,171 [INFO] SMCBot.MT5: ✅ MetaTrader 5 terhubung dengan sukses.
2026-05-25 10:24:43,633 [INFO] SMCBot.MT5: ✅ MetaTrader 5 terhubung dengan sukses.
2026-05-25 10:25:00,686 [INFO] SMCBot.MT5: ✅ MetaTrader 5 terhubung dengan sukses.
2026-05-25 10:25:04,945 [INFO] SMCBot.LiveTrader: Pesan Telegram diterima: '/status'
2026-05-25 10:25:04,958 [INFO] SMCBot.MT5: ✅ MetaTrader 5 terhubung dengan sukses.
2026-05-25 10:25:17,346 [INFO] SMCBot.MT5: ✅ MetaTrader 5 terhubung dengan sukses.
2026-05-25 10:25:33,827 [INFO] SMCBot.MT5: ✅ MetaTrader 5 terhubung dengan sukses.
2026-05-25 10:25:50,286 [INFO] SMCBot.MT5: ✅ MetaTrader 5 terhubung dengan sukses.
2026-05-25 10:26:06,717 [INFO] SMCBot.MT5: ✅ MetaTrader 5 terhubung dengan sukses.
2026-05-25 10:26:23,047 [INFO] SMCBot.MT5: ✅ MetaTrader 5 terhubung dengan sukses.
2026-05-25 10:26:39,546 [INFO] SMCBot.MT5: ✅ MetaTrader 5 terhubung dengan sukses.
2026-05-25 10:26:56,217 [INFO] SMCBot.MT5: ✅ MetaTrader 5 terhubung dengan sukses.
2026-05-25 10:27:13,619 [INFO] SMCBot.MT5: ✅ MetaTrader 5 terhubung dengan sukses.
2026-05-25 10:27:30,592 [INFO] SMCBot.MT5: ✅ MetaTrader 5 terhubung dengan sukses.
2026-05-25 10:27:47,790 [INFO] SMCBot.MT5: ✅ MetaTrader 5 terhubung dengan sukses.
2026-05-25 10:28:04,877 [INFO] SMCBot.MT5: ✅ MetaTrader 5 terhubung dengan sukses.
2026-05-25 10:28:24,162 [INFO] SMCBot.MT5: ✅ MetaTrader 5 terhubung dengan sukses.
2026-05-25 10:28:41,655 [INFO] SMCBot.MT5: ✅ MetaTrader 5 terhubung dengan sukses.
2026-05-25 10:28:58,155 [INFO] SMCBot.MT5: ✅ MetaTrader 5 terhubung dengan sukses.
2026-05-25 10:29:14,387 [INFO] SMCBot.MT5: ✅ MetaTrader 5 terhubung dengan sukses.
2026-05-25 10:29:30,561 [INFO] SMCBot.MT5: ✅ MetaTrader 5 terhubung dengan sukses.
2026-05-25 10:29:46,890 [INFO] SMCBot.MT5: ✅ MetaTrader 5 terhubung dengan sukses.
2026-05-25 10:30:03,372 [INFO] SMCBot.MT5: ✅ MetaTrader 5 terhubung dengan sukses.
2026-05-25 10:30:19,513 [INFO] SMCBot.MT5: ✅ MetaTrader 5 terhubung dengan sukses.
2026-05-25 10:30:36,021 [INFO] SMCBot.MT5: ✅ MetaTrader 5 terhubung dengan sukses.
2026-05-25 10:30:52,368 [INFO] SMCBot.MT5: ✅ MetaTrader 5 terhubung dengan sukses.
2026-05-25 10:31:09,247 [INFO] SMCBot.MT5: ✅ MetaTrader 5 terhubung dengan sukses.
2026-05-25 10:31:25,793 [INFO] SMCBot.MT5: ✅ MetaTrader 5 terhubung dengan sukses.
2026-05-25 10:31:42,071 [INFO] SMCBot.MT5: ✅ MetaTrader 5 terhubung dengan sukses.
2026-05-25 10:31:59,211 [INFO] SMCBot.MT5: ✅ MetaTrader 5 terhubung dengan sukses.
2026-05-25 10:32:16,838 [INFO] SMCBot.MT5: ✅ MetaTrader 5 terhubung dengan sukses.
2026-05-25 10:32:33,305 [INFO] SMCBot.MT5: ✅ MetaTrader 5 terhubung dengan sukses.
2026-05-25 10:32:49,888 [INFO] SMCBot.MT5: ✅ MetaTrader 5 terhubung dengan sukses.
2026-05-25 10:33:07,529 [INFO] SMCBot.MT5: ✅ MetaTrader 5 terhubung dengan sukses.
2026-05-25 10:33:24,242 [INFO] SMCBot.MT5: ✅ MetaTrader 5 terhubung dengan sukses.
2026-05-25 10:33:41,172 [INFO] SMCBot.MT5: ✅ MetaTrader 5 terhubung dengan sukses.
2026-05-25 10:33:57,724 [INFO] SMCBot.MT5: ✅ MetaTrader 5 terhubung dengan sukses.
2026-05-25 10:34:14,308 [INFO] SMCBot.MT5: ✅ MetaTrader 5 terhubung dengan sukses.
2026-05-25 10:34:30,726 [INFO] SMCBot.MT5: ✅ MetaTrader 5 terhubung dengan sukses.
2026-05-25 10:34:46,951 [INFO] SMCBot.MT5: ✅ MetaTrader 5 terhubung dengan sukses.
2026-05-25 10:35:03,177 [INFO] SMCBot.MT5: ✅ MetaTrader 5 terhubung dengan sukses.
2026-05-25 10:35:19,733 [INFO] SMCBot.MT5: ✅ MetaTrader 5 terhubung dengan sukses.
2026-05-25 10:35:35,955 [INFO] SMCBot.MT5: ✅ MetaTrader 5 terhubung dengan sukses.
2026-05-25 10:35:52,419 [INFO] SMCBot.MT5: ✅ MetaTrader 5 terhubung dengan sukses.
2026-05-25 10:36:09,050 [INFO] SMCBot.MT5: ✅ MetaTrader 5 terhubung dengan sukses.
2026-05-25 10:36:25,715 [INFO] SMCBot.MT5: ✅ MetaTrader 5 terhubung dengan sukses.
2026-05-25 10:36:42,225 [INFO] SMCBot.MT5: ✅ MetaTrader 5 terhubung dengan sukses.
2026-05-25 10:36:58,869 [INFO] SMCBot.MT5: ✅ MetaTrader 5 terhubung dengan sukses.
2026-05-25 10:37:15,817 [INFO] SMCBot.MT5: ✅ MetaTrader 5 terhubung dengan sukses.
2026-05-25 10:37:32,459 [INFO] SMCBot.MT5: ✅ MetaTrader 5 terhubung dengan sukses.
2026-05-25 10:37:48,933 [INFO] SMCBot.MT5: ✅ MetaTrader 5 terhubung dengan sukses.
2026-05-25 10:38:05,595 [INFO] SMCBot.MT5: ✅ MetaTrader 5 terhubung dengan sukses.
2026-05-25 10:38:21,842 [INFO] SMCBot.MT5: ✅ MetaTrader 5 terhubung dengan sukses.
2026-05-25 10:38:38,632 [INFO] SMCBot.MT5: ✅ MetaTrader 5 terhubung dengan sukses.
2026-05-25 10:38:55,145 [INFO] SMCBot.MT5: ✅ MetaTrader 5 terhubung dengan sukses.
2026-05-25 10:39:11,585 [INFO] SMCBot.MT5: ✅ MetaTrader 5 terhubung dengan sukses.
2026-05-25 10:39:28,272 [INFO] SMCBot.MT5: ✅ MetaTrader 5 terhubung dengan sukses.
2026-05-25 10:39:44,604 [INFO] SMCBot.MT5: ✅ MetaTrader 5 terhubung dengan sukses.
2026-05-25 10:40:01,069 [INFO] SMCBot.MT5: ✅ MetaTrader 5 terhubung dengan sukses.
2026-05-25 10:40:17,637 [INFO] SMCBot.MT5: ✅ MetaTrader 5 terhubung dengan sukses.
2026-05-25 10:40:34,152 [INFO] SMCBot.MT5: ✅ MetaTrader 5 terhubung dengan sukses.
2026-05-25 10:40:50,661 [INFO] SMCBot.MT5: ✅ MetaTrader 5 terhubung dengan sukses.
2026-05-25 10:41:07,353 [INFO] SMCBot.MT5: ✅ MetaTrader 5 terhubung dengan sukses.
2026-05-25 10:41:24,144 [INFO] SMCBot.MT5: ✅ MetaTrader 5 terhubung dengan sukses.
2026-05-25 10:41:41,157 [INFO] SMCBot.MT5: ✅ MetaTrader 5 terhubung dengan sukses.
2026-05-25 10:41:58,125 [INFO] SMCBot.MT5: ✅ MetaTrader 5 terhubung dengan sukses.
2026-05-25 10:42:14,410 [INFO] SMCBot.MT5: ✅ MetaTrader 5 terhubung dengan sukses.
2026-05-25 10:42:32,506 [INFO] SMCBot.MT5: ✅ MetaTrader 5 terhubung dengan sukses.
2026-05-25 10:42:49,659 [INFO] SMCBot.MT5: ✅ MetaTrader 5 terhubung dengan sukses.
2026-05-25 10:43:06,562 [INFO] SMCBot.MT5: ✅ MetaTrader 5 terhubung dengan sukses.
2026-05-25 10:43:22,992 [INFO] SMCBot.MT5: ✅ MetaTrader 5 terhubung dengan sukses.
2026-05-25 10:43:39,501 [INFO] SMCBot.MT5: ✅ MetaTrader 5 terhubung dengan sukses.
2026-05-25 10:43:56,202 [INFO] SMCBot.MT5: ✅ MetaTrader 5 terhubung dengan sukses.
2026-05-25 10:44:13,207 [INFO] SMCBot.MT5: ✅ MetaTrader 5 terhubung dengan sukses.
2026-05-25 10:44:29,834 [INFO] SMCBot.MT5: ✅ MetaTrader 5 terhubung dengan sukses.
2026-05-25 10:44:46,356 [INFO] SMCBot.MT5: ✅ MetaTrader 5 terhubung dengan sukses.
2026-05-25 10:45:02,840 [INFO] SMCBot.MT5: ✅ MetaTrader 5 terhubung dengan sukses.
2026-05-25 10:45:19,559 [INFO] SMCBot.MT5: ✅ MetaTrader 5 terhubung dengan sukses.
2026-05-25 10:45:36,191 [INFO] SMCBot.MT5: ✅ MetaTrader 5 terhubung dengan sukses.
2026-05-25 10:45:52,673 [INFO] SMCBot.MT5: ✅ MetaTrader 5 terhubung dengan sukses.
2026-05-25 10:46:08,924 [INFO] SMCBot.MT5: ✅ MetaTrader 5 terhubung dengan sukses.
2026-05-25 10:46:25,667 [INFO] SMCBot.MT5: ✅ MetaTrader 5 terhubung dengan sukses.
2026-05-25 10:46:42,013 [INFO] SMCBot.MT5: ✅ MetaTrader 5 terhubung dengan sukses.
2026-05-25 10:46:59,401 [INFO] SMCBot.MT5: ✅ MetaTrader 5 terhubung dengan sukses.
2026-05-25 10:47:16,424 [INFO] SMCBot.MT5: ✅ MetaTrader 5 terhubung dengan sukses.
2026-05-25 10:47:33,026 [INFO] SMCBot.MT5: ✅ MetaTrader 5 terhubung dengan sukses.
2026-05-25 10:47:49,860 [INFO] SMCBot.MT5: ✅ MetaTrader 5 terhubung dengan sukses.
2026-05-25 10:48:06,430 [INFO] SMCBot.MT5: ✅ MetaTrader 5 terhubung dengan sukses.
2026-05-25 10:48:23,577 [INFO] SMCBot.MT5: ✅ MetaTrader 5 terhubung dengan sukses.
2026-05-25 10:48:40,679 [INFO] SMCBot.MT5: ✅ MetaTrader 5 terhubung dengan sukses.
2026-05-25 10:48:56,894 [INFO] SMCBot.MT5: ✅ MetaTrader 5 terhubung dengan sukses.
2026-05-25 10:49:14,358 [INFO] SMCBot.MT5: ✅ MetaTrader 5 terhubung dengan sukses.
2026-05-25 10:49:31,457 [INFO] SMCBot.MT5: ✅ MetaTrader 5 terhubung dengan sukses.
2026-05-25 10:49:48,237 [INFO] SMCBot.MT5: ✅ MetaTrader 5 terhubung dengan sukses.
2026-05-25 10:50:04,801 [INFO] SMCBot.MT5: ✅ MetaTrader 5 terhubung dengan sukses.
2026-05-25 10:50:21,391 [INFO] SMCBot.MT5: ✅ MetaTrader 5 terhubung dengan sukses.
2026-05-25 10:50:38,477 [INFO] SMCBot.MT5: ✅ MetaTrader 5 terhubung dengan sukses.
2026-05-25 10:50:55,446 [INFO] SMCBot.MT5: ✅ MetaTrader 5 terhubung dengan sukses.
2026-05-25 10:51:12,002 [INFO] SMCBot.MT5: ✅ MetaTrader 5 terhubung dengan sukses.
2026-05-25 10:51:28,557 [INFO] SMCBot.MT5: ✅ MetaTrader 5 terhubung dengan sukses.
2026-05-25 10:51:45,217 [INFO] SMCBot.MT5: ✅ MetaTrader 5 terhubung dengan sukses.
2026-05-25 10:52:02,133 [INFO] SMCBot.MT5: ✅ MetaTrader 5 terhubung dengan sukses.
2026-05-25 10:52:19,346 [INFO] SMCBot.MT5: ✅ MetaTrader 5 terhubung dengan sukses.
2026-05-25 10:52:36,215 [INFO] SMCBot.MT5: ✅ MetaTrader 5 terhubung dengan sukses.
2026-05-25 10:52:54,547 [INFO] SMCBot.MT5: ✅ MetaTrader 5 terhubung dengan sukses.
2026-05-25 10:53:11,598 [INFO] SMCBot.MT5: ✅ MetaTrader 5 terhubung dengan sukses.
2026-05-25 10:53:28,267 [INFO] SMCBot.MT5: ✅ MetaTrader 5 terhubung dengan sukses.
2026-05-25 10:53:44,743 [INFO] SMCBot.MT5: ✅ MetaTrader 5 terhubung dengan sukses.
2026-05-25 10:54:01,264 [INFO] SMCBot.MT5: ✅ MetaTrader 5 terhubung dengan sukses.
2026-05-25 10:54:18,403 [INFO] SMCBot.MT5: ✅ MetaTrader 5 terhubung dengan sukses.
2026-05-25 10:54:34,817 [INFO] SMCBot.MT5: ✅ MetaTrader 5 terhubung dengan sukses.
2026-05-25 10:54:51,656 [INFO] SMCBot.MT5: ✅ MetaTrader 5 terhubung dengan sukses.
2026-05-25 10:55:08,365 [INFO] SMCBot.MT5: ✅ MetaTrader 5 terhubung dengan sukses.
2026-05-25 10:55:25,267 [INFO] SMCBot.MT5: ✅ MetaTrader 5 terhubung dengan sukses.
2026-05-25 10:55:41,451 [INFO] SMCBot.MT5: ✅ MetaTrader 5 terhubung dengan sukses.
2026-05-25 10:55:57,703 [INFO] SMCBot.MT5: ✅ MetaTrader 5 terhubung dengan sukses.
2026-05-25 10:56:14,356 [INFO] SMCBot.MT5: ✅ MetaTrader 5 terhubung dengan sukses.
2026-05-25 10:56:30,880 [INFO] SMCBot.MT5: ✅ MetaTrader 5 terhubung dengan sukses.
2026-05-25 10:56:47,438 [INFO] SMCBot.MT5: ✅ MetaTrader 5 terhubung dengan sukses.
2026-05-25 10:57:03,756 [INFO] SMCBot.MT5: ✅ MetaTrader 5 terhubung dengan sukses.
2026-05-25 10:57:20,125 [INFO] SMCBot.MT5: ✅ MetaTrader 5 terhubung dengan sukses.
2026-05-25 10:57:36,819 [INFO] SMCBot.MT5: ✅ MetaTrader 5 terhubung dengan sukses.
2026-05-25 10:57:53,359 [INFO] SMCBot.MT5: ✅ MetaTrader 5 terhubung dengan sukses.
2026-05-25 10:58:10,277 [INFO] SMCBot.MT5: ✅ MetaTrader 5 terhubung dengan sukses.
2026-05-25 10:58:27,031 [INFO] SMCBot.MT5: ✅ MetaTrader 5 terhubung dengan sukses.
2026-05-25 10:58:43,975 [INFO] SMCBot.MT5: ✅ MetaTrader 5 terhubung dengan sukses.
2026-05-25 10:59:00,987 [INFO] SMCBot.MT5: ✅ MetaTrader 5 terhubung dengan sukses.
2026-05-25 10:59:17,943 [INFO] SMCBot.MT5: ✅ MetaTrader 5 terhubung dengan sukses.
2026-05-25 10:59:34,369 [INFO] SMCBot.MT5: ✅ MetaTrader 5 terhubung dengan sukses.
2026-05-25 10:59:51,090 [INFO] SMCBot.MT5: ✅ MetaTrader 5 terhubung dengan sukses.
2026-05-25 11:00:08,126 [INFO] SMCBot.MT5: ✅ MetaTrader 5 terhubung dengan sukses.
2026-05-25 11:00:24,453 [INFO] SMCBot.MT5: ✅ MetaTrader 5 terhubung dengan sukses.
2026-05-25 11:00:41,307 [INFO] SMCBot.MT5: ✅ MetaTrader 5 terhubung dengan sukses.
2026-05-25 11:00:58,118 [INFO] SMCBot.MT5: ✅ MetaTrader 5 terhubung dengan sukses.
2026-05-25 11:01:14,881 [INFO] SMCBot.MT5: ✅ MetaTrader 5 terhubung dengan sukses.
2026-05-25 11:01:32,575 [INFO] SMCBot.MT5: ✅ MetaTrader 5 terhubung dengan sukses.
2026-05-25 11:01:49,174 [INFO] SMCBot.MT5: ✅ MetaTrader 5 terhubung dengan sukses.
2026-05-25 11:02:05,975 [INFO] SMCBot.MT5: ✅ MetaTrader 5 terhubung dengan sukses.
2026-05-25 11:02:22,297 [INFO] SMCBot.MT5: ✅ MetaTrader 5 terhubung dengan sukses.
2026-05-25 11:02:38,968 [INFO] SMCBot.MT5: ✅ MetaTrader 5 terhubung dengan sukses.
2026-05-25 11:02:55,475 [INFO] SMCBot.MT5: ✅ MetaTrader 5 terhubung dengan sukses.
2026-05-25 11:03:11,989 [INFO] SMCBot.MT5: ✅ MetaTrader 5 terhubung dengan sukses.
2026-05-25 11:03:28,903 [INFO] SMCBot.MT5: ✅ MetaTrader 5 terhubung dengan sukses.
2026-05-25 11:03:45,220 [INFO] SMCBot.MT5: ✅ MetaTrader 5 terhubung dengan sukses.
2026-05-25 11:04:01,819 [INFO] SMCBot.MT5: ✅ MetaTrader 5 terhubung dengan sukses.
2026-05-25 11:04:18,237 [INFO] SMCBot.MT5: ✅ MetaTrader 5 terhubung dengan sukses.
2026-05-25 11:04:34,839 [INFO] SMCBot.MT5: ✅ MetaTrader 5 terhubung dengan sukses.
2026-05-25 11:04:52,092 [INFO] SMCBot.MT5: ✅ MetaTrader 5 terhubung dengan sukses.
2026-05-25 11:05:09,403 [INFO] SMCBot.MT5: ✅ MetaTrader 5 terhubung dengan sukses.
2026-05-25 11:05:25,886 [INFO] SMCBot.MT5: ✅ MetaTrader 5 terhubung dengan sukses.
2026-05-25 11:05:42,281 [INFO] SMCBot.MT5: ✅ MetaTrader 5 terhubung dengan sukses.
2026-05-25 11:05:58,904 [INFO] SMCBot.MT5: ✅ MetaTrader 5 terhubung dengan sukses.
2026-05-25 11:06:15,557 [INFO] SMCBot.MT5: ✅ MetaTrader 5 terhubung dengan sukses.
2026-05-25 11:06:32,356 [INFO] SMCBot.MT5: ✅ MetaTrader 5 terhubung dengan sukses.
2026-05-25 11:06:49,237 [INFO] SMCBot.MT5: ✅ MetaTrader 5 terhubung dengan sukses.
2026-05-25 11:07:05,964 [INFO] SMCBot.MT5: ✅ MetaTrader 5 terhubung dengan sukses.
2026-05-25 11:07:23,048 [INFO] SMCBot.MT5: ✅ MetaTrader 5 terhubung dengan sukses.
2026-05-25 11:07:40,608 [INFO] SMCBot.MT5: ✅ MetaTrader 5 terhubung dengan sukses.
2026-05-25 11:07:57,403 [INFO] SMCBot.MT5: ✅ MetaTrader 5 terhubung dengan sukses.
2026-05-25 11:08:14,146 [INFO] SMCBot.MT5: ✅ MetaTrader 5 terhubung dengan sukses.
2026-05-25 11:08:31,612 [INFO] SMCBot.MT5: ✅ MetaTrader 5 terhubung dengan sukses.
2026-05-25 11:08:48,217 [INFO] SMCBot.MT5: ✅ MetaTrader 5 terhubung dengan sukses.
2026-05-25 11:09:04,964 [INFO] SMCBot.MT5: ✅ MetaTrader 5 terhubung dengan sukses.
2026-05-25 11:09:21,810 [INFO] SMCBot.MT5: ✅ MetaTrader 5 terhubung dengan sukses.
2026-05-25 11:09:38,971 [INFO] SMCBot.MT5: ✅ MetaTrader 5 terhubung dengan sukses.
2026-05-25 11:09:55,991 [INFO] SMCBot.MT5: ✅ MetaTrader 5 terhubung dengan sukses.
2026-05-25 11:10:12,751 [INFO] SMCBot.MT5: ✅ MetaTrader 5 terhubung dengan sukses.
2026-05-25 11:10:29,342 [INFO] SMCBot.MT5: ✅ MetaTrader 5 terhubung dengan sukses.
2026-05-25 11:10:46,460 [INFO] SMCBot.MT5: ✅ MetaTrader 5 terhubung dengan sukses.
2026-05-25 11:11:03,359 [INFO] SMCBot.MT5: ✅ MetaTrader 5 terhubung dengan sukses.
2026-05-25 11:11:19,949 [INFO] SMCBot.MT5: ✅ MetaTrader 5 terhubung dengan sukses.
2026-05-25 11:11:36,705 [INFO] SMCBot.MT5: ✅ MetaTrader 5 terhubung dengan sukses.
2026-05-25 11:11:53,503 [INFO] SMCBot.MT5: ✅ MetaTrader 5 terhubung dengan sukses.
2026-05-25 11:12:10,038 [INFO] SMCBot.MT5: ✅ MetaTrader 5 terhubung dengan sukses.
2026-05-25 11:12:26,774 [INFO] SMCBot.MT5: ✅ MetaTrader 5 terhubung dengan sukses.
2026-05-25 11:12:43,449 [INFO] SMCBot.MT5: ✅ MetaTrader 5 terhubung dengan sukses.
2026-05-25 11:13:00,057 [INFO] SMCBot.MT5: ✅ MetaTrader 5 terhubung dengan sukses.
2026-05-25 11:13:16,935 [INFO] SMCBot.MT5: ✅ MetaTrader 5 terhubung dengan sukses.
2026-05-25 11:13:33,334 [INFO] SMCBot.MT5: ✅ MetaTrader 5 terhubung dengan sukses.
2026-05-25 11:13:49,828 [INFO] SMCBot.MT5: ✅ MetaTrader 5 terhubung dengan sukses.
2026-05-25 11:14:06,392 [INFO] SMCBot.MT5: ✅ MetaTrader 5 terhubung dengan sukses.
2026-05-25 11:14:23,078 [INFO] SMCBot.MT5: ✅ MetaTrader 5 terhubung dengan sukses.
2026-05-25 11:14:39,501 [INFO] SMCBot.MT5: ✅ MetaTrader 5 terhubung dengan sukses.
2026-05-25 11:14:56,076 [INFO] SMCBot.MT5: ✅ MetaTrader 5 terhubung dengan sukses.
2026-05-25 11:15:12,710 [INFO] SMCBot.MT5: ✅ MetaTrader 5 terhubung dengan sukses.
2026-05-25 11:15:29,835 [INFO] SMCBot.MT5: ✅ MetaTrader 5 terhubung dengan sukses.
2026-05-25 11:15:46,372 [INFO] SMCBot.MT5: ✅ MetaTrader 5 terhubung dengan sukses.
2026-05-25 11:16:02,952 [INFO] SMCBot.MT5: ✅ MetaTrader 5 terhubung dengan sukses.
2026-05-25 11:16:19,715 [INFO] SMCBot.MT5: ✅ MetaTrader 5 terhubung dengan sukses.
2026-05-25 11:16:37,244 [INFO] SMCBot.MT5: ✅ MetaTrader 5 terhubung dengan sukses.
2026-05-25 11:16:53,872 [INFO] SMCBot.MT5: ✅ MetaTrader 5 terhubung dengan sukses.
2026-05-25 11:17:10,566 [INFO] SMCBot.MT5: ✅ MetaTrader 5 terhubung dengan sukses.
2026-05-25 11:17:27,081 [INFO] SMCBot.MT5: ✅ MetaTrader 5 terhubung dengan sukses.
2026-05-25 11:17:43,544 [INFO] SMCBot.MT5: ✅ MetaTrader 5 terhubung dengan sukses.
2026-05-25 11:18:00,916 [INFO] SMCBot.MT5: ✅ MetaTrader 5 terhubung dengan sukses.
2026-05-25 11:18:17,620 [INFO] SMCBot.MT5: ✅ MetaTrader 5 terhubung dengan sukses.
2026-05-25 11:18:35,205 [INFO] SMCBot.MT5: ✅ MetaTrader 5 terhubung dengan sukses.
2026-05-25 11:18:52,592 [INFO] SMCBot.MT5: ✅ MetaTrader 5 terhubung dengan sukses.
2026-05-25 11:19:09,145 [INFO] SMCBot.MT5: ✅ MetaTrader 5 terhubung dengan sukses.
2026-05-25 11:19:25,386 [INFO] SMCBot.MT5: ✅ MetaTrader 5 terhubung dengan sukses.
2026-05-25 11:19:41,895 [INFO] SMCBot.MT5: ✅ MetaTrader 5 terhubung dengan sukses.
2026-05-25 11:19:58,395 [INFO] SMCBot.MT5: ✅ MetaTrader 5 terhubung dengan sukses.
2026-05-25 11:20:14,639 [INFO] SMCBot.MT5: ✅ MetaTrader 5 terhubung dengan sukses.
2026-05-25 11:20:30,959 [INFO] SMCBot.MT5: ✅ MetaTrader 5 terhubung dengan sukses.
2026-05-25 11:20:47,430 [INFO] SMCBot.MT5: ✅ MetaTrader 5 terhubung dengan sukses.
2026-05-25 11:21:04,309 [INFO] SMCBot.MT5: ✅ MetaTrader 5 terhubung dengan sukses.
2026-05-25 11:21:21,022 [INFO] SMCBot.MT5: ✅ MetaTrader 5 terhubung dengan sukses.
2026-05-25 11:21:37,624 [INFO] SMCBot.MT5: ✅ MetaTrader 5 terhubung dengan sukses.
2026-05-25 11:21:54,698 [INFO] SMCBot.MT5: ✅ MetaTrader 5 terhubung dengan sukses.
2026-05-25 11:22:11,895 [INFO] SMCBot.MT5: ✅ MetaTrader 5 terhubung dengan sukses.
2026-05-25 11:22:28,597 [INFO] SMCBot.MT5: ✅ MetaTrader 5 terhubung dengan sukses.
2026-05-25 11:22:44,893 [INFO] SMCBot.MT5: ✅ MetaTrader 5 terhubung dengan sukses.
2026-05-25 11:23:01,912 [INFO] SMCBot.MT5: ✅ MetaTrader 5 terhubung dengan sukses.
2026-05-25 11:23:18,996 [INFO] SMCBot.MT5: ✅ MetaTrader 5 terhubung dengan sukses.
2026-05-25 11:23:35,544 [INFO] SMCBot.MT5: ✅ MetaTrader 5 terhubung dengan sukses.
2026-05-25 11:23:52,046 [INFO] SMCBot.MT5: ✅ MetaTrader 5 terhubung dengan sukses.
2026-05-25 11:24:08,375 [INFO] SMCBot.MT5: ✅ MetaTrader 5 terhubung dengan sukses.
2026-05-25 11:24:24,880 [INFO] SMCBot.MT5: ✅ MetaTrader 5 terhubung dengan sukses.
2026-05-25 11:24:41,376 [INFO] SMCBot.MT5: ✅ MetaTrader 5 terhubung dengan sukses.
2026-05-25 11:24:57,602 [INFO] SMCBot.MT5: ✅ MetaTrader 5 terhubung dengan sukses.
2026-05-25 11:25:14,003 [INFO] SMCBot.MT5: ✅ MetaTrader 5 terhubung dengan sukses.
2026-05-25 11:25:31,713 [INFO] SMCBot.MT5: ✅ MetaTrader 5 terhubung dengan sukses.
2026-05-25 11:25:48,656 [INFO] SMCBot.MT5: ✅ MetaTrader 5 terhubung dengan sukses.
2026-05-25 11:26:05,119 [INFO] SMCBot.MT5: ✅ MetaTrader 5 terhubung dengan sukses.
2026-05-25 11:26:21,396 [INFO] SMCBot.MT5: ✅ MetaTrader 5 terhubung dengan sukses.
2026-05-25 11:26:38,370 [INFO] SMCBot.MT5: ✅ MetaTrader 5 terhubung dengan sukses.
2026-05-25 11:26:54,935 [INFO] SMCBot.MT5: ✅ MetaTrader 5 terhubung dengan sukses.
2026-05-25 11:27:11,667 [INFO] SMCBot.MT5: ✅ MetaTrader 5 terhubung dengan sukses.
2026-05-25 11:27:28,287 [INFO] SMCBot.MT5: ✅ MetaTrader 5 terhubung dengan sukses.
2026-05-25 11:27:44,759 [INFO] SMCBot.MT5: ✅ MetaTrader 5 terhubung dengan sukses.
2026-05-25 11:28:01,336 [INFO] SMCBot.MT5: ✅ MetaTrader 5 terhubung dengan sukses.
2026-05-25 11:28:18,151 [INFO] SMCBot.MT5: ✅ MetaTrader 5 terhubung dengan sukses.
2026-05-25 11:28:36,409 [INFO] SMCBot.MT5: ✅ MetaTrader 5 terhubung dengan sukses.
2026-05-25 11:28:52,880 [INFO] SMCBot.MT5: ✅ MetaTrader 5 terhubung dengan sukses.
2026-05-25 11:29:09,770 [INFO] SMCBot.MT5: ✅ MetaTrader 5 terhubung dengan sukses.
2026-05-25 11:29:26,099 [INFO] SMCBot.MT5: ✅ MetaTrader 5 terhubung dengan sukses.
2026-05-25 11:29:42,290 [INFO] SMCBot.MT5: ✅ MetaTrader 5 terhubung dengan sukses.
2026-05-25 11:29:59,520 [INFO] SMCBot.MT5: ✅ MetaTrader 5 terhubung dengan sukses.
2026-05-25 11:30:16,728 [INFO] SMCBot.MT5: ✅ MetaTrader 5 terhubung dengan sukses.
2026-05-25 11:30:33,223 [INFO] SMCBot.MT5: ✅ MetaTrader 5 terhubung dengan sukses.
2026-05-25 11:30:49,570 [INFO] SMCBot.MT5: ✅ MetaTrader 5 terhubung dengan sukses.
2026-05-25 11:31:06,376 [INFO] SMCBot.MT5: ✅ MetaTrader 5 terhubung dengan sukses.
2026-05-25 11:31:23,738 [INFO] SMCBot.MT5: ✅ MetaTrader 5 terhubung dengan sukses.
2026-05-25 11:31:40,745 [INFO] SMCBot.MT5: ✅ MetaTrader 5 terhubung dengan sukses.
2026-05-25 11:31:57,351 [INFO] SMCBot.MT5: ✅ MetaTrader 5 terhubung dengan sukses.
2026-05-25 11:32:14,074 [INFO] SMCBot.MT5: ✅ MetaTrader 5 terhubung dengan sukses.
2026-05-25 11:32:30,409 [INFO] SMCBot.MT5: ✅ MetaTrader 5 terhubung dengan sukses.
2026-05-25 11:32:46,693 [INFO] SMCBot.MT5: ✅ MetaTrader 5 terhubung dengan sukses.
2026-05-25 11:33:03,403 [INFO] SMCBot.MT5: ✅ MetaTrader 5 terhubung dengan sukses.
2026-05-25 11:33:20,167 [INFO] SMCBot.MT5: ✅ MetaTrader 5 terhubung dengan sukses.
2026-05-25 11:33:36,671 [INFO] SMCBot.MT5: ✅ MetaTrader 5 terhubung dengan sukses.
2026-05-25 11:33:53,272 [INFO] SMCBot.MT5: ✅ MetaTrader 5 terhubung dengan sukses.
2026-05-25 11:34:09,944 [INFO] SMCBot.MT5: ✅ MetaTrader 5 terhubung dengan sukses.
2026-05-25 11:34:27,460 [INFO] SMCBot.MT5: ✅ MetaTrader 5 terhubung dengan sukses.
2026-05-25 11:34:44,157 [INFO] SMCBot.MT5: ✅ MetaTrader 5 terhubung dengan sukses.
2026-05-25 11:35:01,070 [INFO] SMCBot.MT5: ✅ MetaTrader 5 terhubung dengan sukses.
2026-05-25 11:35:17,866 [INFO] SMCBot.MT5: ✅ MetaTrader 5 terhubung dengan sukses.
2026-05-25 11:35:34,738 [INFO] SMCBot.MT5: ✅ MetaTrader 5 terhubung dengan sukses.
2026-05-25 11:35:51,041 [INFO] SMCBot.MT5: ✅ MetaTrader 5 terhubung dengan sukses.
2026-05-25 11:36:07,588 [INFO] SMCBot.MT5: ✅ MetaTrader 5 terhubung dengan sukses.
2026-05-25 11:36:23,822 [INFO] SMCBot.MT5: ✅ MetaTrader 5 terhubung dengan sukses.
2026-05-25 11:36:40,451 [INFO] SMCBot.MT5: ✅ MetaTrader 5 terhubung dengan sukses.
2026-05-25 11:36:57,035 [INFO] SMCBot.MT5: ✅ MetaTrader 5 terhubung dengan sukses.
2026-05-25 11:37:13,664 [INFO] SMCBot.MT5: ✅ MetaTrader 5 terhubung dengan sukses.
2026-05-25 11:37:30,862 [INFO] SMCBot.MT5: ✅ MetaTrader 5 terhubung dengan sukses.
2026-05-25 11:37:47,604 [INFO] SMCBot.MT5: ✅ MetaTrader 5 terhubung dengan sukses.
2026-05-25 11:38:05,515 [INFO] SMCBot.MT5: ✅ MetaTrader 5 terhubung dengan sukses.
2026-05-25 11:38:21,956 [INFO] SMCBot.MT5: ✅ MetaTrader 5 terhubung dengan sukses.
2026-05-25 11:38:39,358 [INFO] SMCBot.MT5: ✅ MetaTrader 5 terhubung dengan sukses.
2026-05-25 11:38:56,660 [INFO] SMCBot.MT5: ✅ MetaTrader 5 terhubung dengan sukses.
2026-05-25 11:39:13,697 [INFO] SMCBot.MT5: ✅ MetaTrader 5 terhubung dengan sukses.
2026-05-25 11:39:30,231 [INFO] SMCBot.MT5: ✅ MetaTrader 5 terhubung dengan sukses.
2026-05-25 11:39:47,181 [INFO] SMCBot.MT5: ✅ MetaTrader 5 terhubung dengan sukses.
2026-05-25 11:40:04,005 [INFO] SMCBot.MT5: ✅ MetaTrader 5 terhubung dengan sukses.
2026-05-25 11:40:21,380 [INFO] SMCBot.MT5: ✅ MetaTrader 5 terhubung dengan sukses.
2026-05-25 11:40:38,133 [INFO] SMCBot.MT5: ✅ MetaTrader 5 terhubung dengan sukses.
2026-05-25 11:40:55,384 [INFO] SMCBot.MT5: ✅ MetaTrader 5 terhubung dengan sukses.
2026-05-25 11:41:12,210 [INFO] SMCBot.MT5: ✅ MetaTrader 5 terhubung dengan sukses.
2026-05-25 11:41:28,832 [INFO] SMCBot.MT5: ✅ MetaTrader 5 terhubung dengan sukses.
2026-05-25 11:41:45,661 [INFO] SMCBot.MT5: ✅ MetaTrader 5 terhubung dengan sukses.
2026-05-25 11:42:02,313 [INFO] SMCBot.MT5: ✅ MetaTrader 5 terhubung dengan sukses.
2026-05-25 11:42:19,021 [INFO] SMCBot.MT5: ✅ MetaTrader 5 terhubung dengan sukses.
2026-05-25 11:42:35,585 [INFO] SMCBot.MT5: ✅ MetaTrader 5 terhubung dengan sukses.
2026-05-25 11:42:52,428 [INFO] SMCBot.MT5: ✅ MetaTrader 5 terhubung dengan sukses.
2026-05-25 11:43:09,062 [INFO] SMCBot.MT5: ✅ MetaTrader 5 terhubung dengan sukses.
2026-05-25 11:43:25,790 [INFO] SMCBot.MT5: ✅ MetaTrader 5 terhubung dengan sukses.
2026-05-25 11:43:42,299 [INFO] SMCBot.MT5: ✅ MetaTrader 5 terhubung dengan sukses.
2026-05-25 11:43:58,562 [INFO] SMCBot.MT5: ✅ MetaTrader 5 terhubung dengan sukses.
2026-05-25 11:44:15,161 [INFO] SMCBot.MT5: ✅ MetaTrader 5 terhubung dengan sukses.
2026-05-25 11:44:32,240 [INFO] SMCBot.MT5: ✅ MetaTrader 5 terhubung dengan sukses.
2026-05-25 11:44:48,893 [INFO] SMCBot.MT5: ✅ MetaTrader 5 terhubung dengan sukses.
2026-05-25 11:45:05,651 [INFO] SMCBot.MT5: ✅ MetaTrader 5 terhubung dengan sukses.
2026-05-25 11:45:21,810 [INFO] SMCBot.MT5: ✅ MetaTrader 5 terhubung dengan sukses.
2026-05-25 11:45:38,515 [INFO] SMCBot.MT5: ✅ MetaTrader 5 terhubung dengan sukses.
2026-05-25 11:45:55,374 [INFO] SMCBot.MT5: ✅ MetaTrader 5 terhubung dengan sukses.
2026-05-25 11:46:12,083 [INFO] SMCBot.MT5: ✅ MetaTrader 5 terhubung dengan sukses.
2026-05-25 11:46:29,732 [INFO] SMCBot.MT5: ✅ MetaTrader 5 terhubung dengan sukses.
2026-05-25 11:46:46,875 [INFO] SMCBot.MT5: ✅ MetaTrader 5 terhubung dengan sukses.
2026-05-25 11:47:03,438 [INFO] SMCBot.MT5: ✅ MetaTrader 5 terhubung dengan sukses.
2026-05-25 11:47:19,940 [INFO] SMCBot.MT5: ✅ MetaTrader 5 terhubung dengan sukses.
2026-05-25 11:47:34,164 [INFO] SMCBot.LiveTrader: =========================================================
2026-05-25 11:47:34,165 [INFO] SMCBot.LiveTrader: 🚀 MEMULAI AUTO-TRADING BOT XAUUSD SMC (MT5)
2026-05-25 11:47:34,165 [INFO] SMCBot.LiveTrader: =========================================================
2026-05-25 11:47:34,174 [INFO] SMCBot.MT5: ✅ MetaTrader 5 terhubung dengan sukses.
2026-05-25 11:47:34,175 [INFO] SMCBot.LiveTrader: 📨 Background Telegram Listener aktif.
2026-05-25 11:47:35,352 [INFO] SMCBot.LiveTrader: 📅 Memulai hari baru trading: 2026-05-25. Reset loss harian ke $0.00.
2026-05-25 11:47:35,363 [INFO] SMCBot.MT5: ✅ MetaTrader 5 terhubung dengan sukses.
2026-05-25 11:47:37,146 [INFO] SMCBot.MT5: ✅ MetaTrader 5 terhubung dengan sukses.
2026-05-25 11:47:52,161 [INFO] SMCBot.MT5: ✅ MetaTrader 5 terhubung dengan sukses.
2026-05-25 11:48:08,360 [INFO] SMCBot.MT5: ✅ MetaTrader 5 terhubung dengan sukses.
2026-05-25 11:48:10,018 [INFO] SMCBot.MT5: ✅ MetaTrader 5 terhubung dengan sukses.
2026-05-25 11:48:25,034 [INFO] SMCBot.MT5: ✅ MetaTrader 5 terhubung dengan sukses.
2026-05-25 11:48:42,027 [INFO] SMCBot.MT5: ✅ MetaTrader 5 terhubung dengan sukses.
2026-05-25 11:48:59,133 [INFO] SMCBot.MT5: ✅ MetaTrader 5 terhubung dengan sukses.
2026-05-25 11:49:00,735 [INFO] SMCBot.MT5: ✅ MetaTrader 5 terhubung dengan sukses.
2026-05-25 11:49:15,751 [INFO] SMCBot.MT5: ✅ MetaTrader 5 terhubung dengan sukses.
2026-05-25 11:49:31,992 [INFO] SMCBot.MT5: ✅ MetaTrader 5 terhubung dengan sukses.
2026-05-25 11:49:48,124 [INFO] SMCBot.MT5: ✅ MetaTrader 5 terhubung dengan sukses.
2026-05-25 11:50:04,837 [INFO] SMCBot.MT5: ✅ MetaTrader 5 terhubung dengan sukses.
2026-05-25 11:50:06,173 [INFO] SMCBot.MT5: ✅ MetaTrader 5 terhubung dengan sukses.
2026-05-25 11:50:16,969 [INFO] SMCBot.LiveTrader: Pesan Telegram diterima: '/status'
2026-05-25 11:50:16,986 [INFO] SMCBot.MT5: ✅ MetaTrader 5 terhubung dengan sukses.
2026-05-25 11:50:21,190 [INFO] SMCBot.MT5: ✅ MetaTrader 5 terhubung dengan sukses.
2026-05-25 11:50:38,087 [INFO] SMCBot.MT5: ✅ MetaTrader 5 terhubung dengan sukses.
2026-05-25 11:50:54,544 [INFO] SMCBot.MT5: ✅ MetaTrader 5 terhubung dengan sukses.
2026-05-25 11:51:11,002 [INFO] SMCBot.MT5: ✅ MetaTrader 5 terhubung dengan sukses.
2026-05-25 11:51:12,833 [INFO] SMCBot.MT5: ✅ MetaTrader 5 terhubung dengan sukses.
2026-05-25 11:51:27,867 [INFO] SMCBot.MT5: ✅ MetaTrader 5 terhubung dengan sukses.
2026-05-25 11:51:44,819 [INFO] SMCBot.MT5: ✅ MetaTrader 5 terhubung dengan sukses.
2026-05-25 11:52:01,450 [INFO] SMCBot.MT5: ✅ MetaTrader 5 terhubung dengan sukses.
2026-05-25 11:52:03,142 [INFO] SMCBot.MT5: ✅ MetaTrader 5 terhubung dengan sukses.
2026-05-25 11:52:18,151 [INFO] SMCBot.MT5: ✅ MetaTrader 5 terhubung dengan sukses.
2026-05-25 11:52:34,662 [INFO] SMCBot.MT5: ✅ MetaTrader 5 terhubung dengan sukses.
2026-05-25 11:52:51,165 [INFO] SMCBot.MT5: ✅ MetaTrader 5 terhubung dengan sukses.
2026-05-25 11:53:07,855 [INFO] SMCBot.MT5: ✅ MetaTrader 5 terhubung dengan sukses.
2026-05-25 11:53:10,334 [INFO] SMCBot.MT5: ✅ MetaTrader 5 terhubung dengan sukses.
2026-05-25 11:53:25,351 [INFO] SMCBot.MT5: ✅ MetaTrader 5 terhubung dengan sukses.
2026-05-25 11:53:41,794 [INFO] SMCBot.MT5: ✅ MetaTrader 5 terhubung dengan sukses.
2026-05-25 11:53:57,990 [INFO] SMCBot.MT5: ✅ MetaTrader 5 terhubung dengan sukses.
2026-05-25 11:54:14,503 [INFO] SMCBot.MT5: ✅ MetaTrader 5 terhubung dengan sukses.
2026-05-25 11:54:16,446 [INFO] SMCBot.MT5: ✅ MetaTrader 5 terhubung dengan sukses.
2026-05-25 11:54:31,455 [INFO] SMCBot.MT5: ✅ MetaTrader 5 terhubung dengan sukses.
2026-05-25 11:54:47,834 [INFO] SMCBot.MT5: ✅ MetaTrader 5 terhubung dengan sukses.
2026-05-25 11:55:04,412 [INFO] SMCBot.MT5: ✅ MetaTrader 5 terhubung dengan sukses.
2026-05-25 11:55:05,951 [INFO] SMCBot.MT5: ✅ MetaTrader 5 terhubung dengan sukses.
2026-05-25 11:55:20,963 [INFO] SMCBot.MT5: ✅ MetaTrader 5 terhubung dengan sukses.
2026-05-25 11:55:37,730 [INFO] SMCBot.MT5: ✅ MetaTrader 5 terhubung dengan sukses.
2026-05-25 11:55:54,386 [INFO] SMCBot.MT5: ✅ MetaTrader 5 terhubung dengan sukses.
2026-05-25 11:56:11,349 [INFO] SMCBot.MT5: ✅ MetaTrader 5 terhubung dengan sukses.
2026-05-25 11:56:12,992 [INFO] SMCBot.MT5: ✅ MetaTrader 5 terhubung dengan sukses.
2026-05-25 11:56:28,007 [INFO] SMCBot.MT5: ✅ MetaTrader 5 terhubung dengan sukses.
2026-05-25 11:56:44,906 [INFO] SMCBot.MT5: ✅ MetaTrader 5 terhubung dengan sukses.
2026-05-25 11:57:01,486 [INFO] SMCBot.MT5: ✅ MetaTrader 5 terhubung dengan sukses.
2026-05-25 11:57:02,908 [INFO] SMCBot.MT5: ✅ MetaTrader 5 terhubung dengan sukses.
2026-05-25 11:57:17,917 [INFO] SMCBot.MT5: ✅ MetaTrader 5 terhubung dengan sukses.
2026-05-25 11:57:34,537 [INFO] SMCBot.MT5: ✅ MetaTrader 5 terhubung dengan sukses.
2026-05-25 11:57:51,214 [INFO] SMCBot.MT5: ✅ MetaTrader 5 terhubung dengan sukses.
2026-05-25 11:58:07,824 [INFO] SMCBot.MT5: ✅ MetaTrader 5 terhubung dengan sukses.
2026-05-25 11:58:09,736 [INFO] SMCBot.MT5: ✅ MetaTrader 5 terhubung dengan sukses.
2026-05-25 11:58:24,750 [INFO] SMCBot.MT5: ✅ MetaTrader 5 terhubung dengan sukses.
2026-05-25 11:58:40,868 [INFO] SMCBot.MT5: ✅ MetaTrader 5 terhubung dengan sukses.
2026-05-25 11:58:57,209 [INFO] SMCBot.MT5: ✅ MetaTrader 5 terhubung dengan sukses.
2026-05-25 11:59:13,665 [INFO] SMCBot.MT5: ✅ MetaTrader 5 terhubung dengan sukses.
2026-05-25 11:59:15,379 [INFO] SMCBot.MT5: ✅ MetaTrader 5 terhubung dengan sukses.
2026-05-25 11:59:30,396 [INFO] SMCBot.MT5: ✅ MetaTrader 5 terhubung dengan sukses.
2026-05-25 11:59:47,671 [INFO] SMCBot.MT5: ✅ MetaTrader 5 terhubung dengan sukses.
2026-05-25 12:00:04,392 [INFO] SMCBot.MT5: ✅ MetaTrader 5 terhubung dengan sukses.
2026-05-25 12:00:06,455 [INFO] SMCBot.MT5: ✅ MetaTrader 5 terhubung dengan sukses.
2026-05-25 12:00:21,470 [INFO] SMCBot.MT5: ✅ MetaTrader 5 terhubung dengan sukses.
2026-05-25 12:00:37,834 [INFO] SMCBot.MT5: ✅ MetaTrader 5 terhubung dengan sukses.
2026-05-25 12:00:54,329 [INFO] SMCBot.MT5: ✅ MetaTrader 5 terhubung dengan sukses.
2026-05-25 12:01:11,074 [INFO] SMCBot.MT5: ✅ MetaTrader 5 terhubung dengan sukses.
2026-05-25 12:01:12,911 [INFO] SMCBot.MT5: ✅ MetaTrader 5 terhubung dengan sukses.
2026-05-25 12:01:27,927 [INFO] SMCBot.MT5: ✅ MetaTrader 5 terhubung dengan sukses.
2026-05-25 12:01:41,378 [INFO] SMCBot.LiveTrader: =========================================================
2026-05-25 12:01:41,379 [INFO] SMCBot.LiveTrader: 🚀 MEMULAI AUTO-TRADING BOT XAUUSD SMC (MT5)
2026-05-25 12:01:41,379 [INFO] SMCBot.LiveTrader: =========================================================
2026-05-25 12:01:41,389 [INFO] SMCBot.MT5: ✅ MetaTrader 5 terhubung dengan sukses.
2026-05-25 12:01:41,390 [INFO] SMCBot.LiveTrader: 📨 Background Telegram Listener aktif.
2026-05-25 12:01:42,468 [INFO] SMCBot.LiveTrader: 📅 Memulai hari baru trading: 2026-05-25. Reset loss harian ke $0.00.
2026-05-25 12:01:42,477 [INFO] SMCBot.MT5: ✅ MetaTrader 5 terhubung dengan sukses.
2026-05-25 12:01:44,624 [INFO] SMCBot.MT5: ✅ MetaTrader 5 terhubung dengan sukses.
2026-05-25 12:01:47,633 [INFO] SMCBot.LiveTrader: Pesan Telegram diterima: '/status'
2026-05-25 12:01:47,649 [INFO] SMCBot.MT5: ✅ MetaTrader 5 terhubung dengan sukses.
2026-05-25 12:01:59,634 [INFO] SMCBot.MT5: ✅ MetaTrader 5 terhubung dengan sukses.
2026-05-25 12:02:01,154 [INFO] SMCBot.MT5: ✅ MetaTrader 5 terhubung dengan sukses.
2026-05-25 12:02:16,171 [INFO] SMCBot.MT5: ✅ MetaTrader 5 terhubung dengan sukses.
2026-05-25 12:02:32,610 [INFO] SMCBot.MT5: ✅ MetaTrader 5 terhubung dengan sukses.
2026-05-25 12:02:49,476 [INFO] SMCBot.MT5: ✅ MetaTrader 5 terhubung dengan sukses.
2026-05-25 12:03:06,126 [INFO] SMCBot.MT5: ✅ MetaTrader 5 terhubung dengan sukses.
2026-05-25 12:03:08,071 [INFO] SMCBot.MT5: ✅ MetaTrader 5 terhubung dengan sukses.
2026-05-25 12:03:23,087 [INFO] SMCBot.MT5: ✅ MetaTrader 5 terhubung dengan sukses.
2026-05-25 12:03:39,670 [INFO] SMCBot.MT5: ✅ MetaTrader 5 terhubung dengan sukses.
2026-05-25 12:03:56,168 [INFO] SMCBot.MT5: ✅ MetaTrader 5 terhubung dengan sukses.
2026-05-25 12:04:12,623 [INFO] SMCBot.MT5: ✅ MetaTrader 5 terhubung dengan sukses.
2026-05-25 12:04:14,426 [INFO] SMCBot.MT5: ✅ MetaTrader 5 terhubung dengan sukses.
2026-05-25 12:04:29,437 [INFO] SMCBot.MT5: ✅ MetaTrader 5 terhubung dengan sukses.
2026-05-25 12:04:45,628 [INFO] SMCBot.MT5: ✅ MetaTrader 5 terhubung dengan sukses.
2026-05-25 12:05:02,126 [INFO] SMCBot.MT5: ✅ MetaTrader 5 terhubung dengan sukses.
2026-05-25 12:05:04,177 [INFO] SMCBot.MT5: ✅ MetaTrader 5 terhubung dengan sukses.
2026-05-25 12:05:19,194 [INFO] SMCBot.MT5: ✅ MetaTrader 5 terhubung dengan sukses.
2026-05-25 12:05:35,685 [INFO] SMCBot.MT5: ✅ MetaTrader 5 terhubung dengan sukses.
2026-05-25 12:05:52,015 [INFO] SMCBot.MT5: ✅ MetaTrader 5 terhubung dengan sukses.
2026-05-25 12:06:08,787 [INFO] SMCBot.MT5: ✅ MetaTrader 5 terhubung dengan sukses.
2026-05-25 12:06:10,404 [INFO] SMCBot.MT5: ✅ MetaTrader 5 terhubung dengan sukses.
2026-05-25 12:06:25,415 [INFO] SMCBot.MT5: ✅ MetaTrader 5 terhubung dengan sukses.
2026-05-25 12:06:42,335 [INFO] SMCBot.MT5: ✅ MetaTrader 5 terhubung dengan sukses.
2026-05-25 12:06:58,587 [INFO] SMCBot.MT5: ✅ MetaTrader 5 terhubung dengan sukses.
2026-05-25 12:07:14,907 [INFO] SMCBot.MT5: ✅ MetaTrader 5 terhubung dengan sukses.
2026-05-25 12:07:16,461 [INFO] SMCBot.MT5: ✅ MetaTrader 5 terhubung dengan sukses.
2026-05-25 12:07:31,473 [INFO] SMCBot.MT5: ✅ MetaTrader 5 terhubung dengan sukses.
2026-05-25 12:07:48,455 [INFO] SMCBot.MT5: ✅ MetaTrader 5 terhubung dengan sukses.
2026-05-25 12:08:05,349 [INFO] SMCBot.MT5: ✅ MetaTrader 5 terhubung dengan sukses.
2026-05-25 12:08:07,340 [INFO] SMCBot.MT5: ✅ MetaTrader 5 terhubung dengan sukses.
2026-05-25 12:08:22,355 [INFO] SMCBot.MT5: ✅ MetaTrader 5 terhubung dengan sukses.
2026-05-25 12:08:38,898 [INFO] SMCBot.MT5: ✅ MetaTrader 5 terhubung dengan sukses.
2026-05-25 12:08:55,693 [INFO] SMCBot.MT5: ✅ MetaTrader 5 terhubung dengan sukses.
2026-05-25 12:09:12,191 [INFO] SMCBot.MT5: ✅ MetaTrader 5 terhubung dengan sukses.
2026-05-25 12:09:13,751 [INFO] SMCBot.MT5: ✅ MetaTrader 5 terhubung dengan sukses.
2026-05-25 12:09:28,768 [INFO] SMCBot.MT5: ✅ MetaTrader 5 terhubung dengan sukses.
2026-05-25 12:09:45,402 [INFO] SMCBot.MT5: ✅ MetaTrader 5 terhubung dengan sukses.
2026-05-25 12:10:02,031 [INFO] SMCBot.MT5: ✅ MetaTrader 5 terhubung dengan sukses.
2026-05-25 12:10:03,925 [INFO] SMCBot.MT5: ✅ MetaTrader 5 terhubung dengan sukses.
2026-05-25 12:10:18,933 [INFO] SMCBot.MT5: ✅ MetaTrader 5 terhubung dengan sukses.
2026-05-25 12:10:35,112 [INFO] SMCBot.MT5: ✅ MetaTrader 5 terhubung dengan sukses.
2026-05-25 12:10:51,914 [INFO] SMCBot.MT5: ✅ MetaTrader 5 terhubung dengan sukses.
2026-05-25 12:11:08,292 [INFO] SMCBot.MT5: ✅ MetaTrader 5 terhubung dengan sukses.
2026-05-25 12:11:09,719 [INFO] SMCBot.MT5: ✅ MetaTrader 5 terhubung dengan sukses.
2026-05-25 12:11:24,736 [INFO] SMCBot.MT5: ✅ MetaTrader 5 terhubung dengan sukses.
2026-05-25 12:11:41,397 [INFO] SMCBot.MT5: ✅ MetaTrader 5 terhubung dengan sukses.
2026-05-25 12:11:57,544 [INFO] SMCBot.MT5: ✅ MetaTrader 5 terhubung dengan sukses.
2026-05-25 12:12:14,179 [INFO] SMCBot.MT5: ✅ MetaTrader 5 terhubung dengan sukses.
2026-05-25 12:12:15,814 [INFO] SMCBot.MT5: ✅ MetaTrader 5 terhubung dengan sukses.
2026-05-25 12:12:30,828 [INFO] SMCBot.MT5: ✅ MetaTrader 5 terhubung dengan sukses.
2026-05-25 12:12:47,393 [INFO] SMCBot.MT5: ✅ MetaTrader 5 terhubung dengan sukses.
2026-05-25 12:13:03,810 [INFO] SMCBot.MT5: ✅ MetaTrader 5 terhubung dengan sukses.
2026-05-25 12:13:05,674 [INFO] SMCBot.MT5: ✅ MetaTrader 5 terhubung dengan sukses.
2026-05-25 12:13:20,688 [INFO] SMCBot.MT5: ✅ MetaTrader 5 terhubung dengan sukses.
2026-05-25 12:13:37,575 [INFO] SMCBot.MT5: ✅ MetaTrader 5 terhubung dengan sukses.
2026-05-25 12:13:54,051 [INFO] SMCBot.MT5: ✅ MetaTrader 5 terhubung dengan sukses.
2026-05-25 12:14:10,545 [INFO] SMCBot.MT5: ✅ MetaTrader 5 terhubung dengan sukses.
2026-05-25 12:14:14,077 [INFO] SMCBot.MT5: ✅ MetaTrader 5 terhubung dengan sukses.
2026-05-25 12:14:29,094 [INFO] SMCBot.MT5: ✅ MetaTrader 5 terhubung dengan sukses.
2026-05-25 12:14:46,098 [INFO] SMCBot.MT5: ✅ MetaTrader 5 terhubung dengan sukses.
2026-05-25 12:15:02,654 [INFO] SMCBot.MT5: ✅ MetaTrader 5 terhubung dengan sukses.
2026-05-25 12:15:04,396 [INFO] SMCBot.MT5: ✅ MetaTrader 5 terhubung dengan sukses.
2026-05-25 12:15:19,411 [INFO] SMCBot.MT5: ✅ MetaTrader 5 terhubung dengan sukses.
2026-05-25 12:15:36,085 [INFO] SMCBot.MT5: ✅ MetaTrader 5 terhubung dengan sukses.
2026-05-25 12:15:52,594 [INFO] SMCBot.MT5: ✅ MetaTrader 5 terhubung dengan sukses.
2026-05-25 12:16:09,111 [INFO] SMCBot.MT5: ✅ MetaTrader 5 terhubung dengan sukses.
2026-05-25 12:16:10,875 [INFO] SMCBot.MT5: ✅ MetaTrader 5 terhubung dengan sukses.
2026-05-25 12:16:25,892 [INFO] SMCBot.MT5: ✅ MetaTrader 5 terhubung dengan sukses.
2026-05-25 12:16:42,518 [INFO] SMCBot.MT5: ✅ MetaTrader 5 terhubung dengan sukses.
2026-05-25 12:16:59,300 [INFO] SMCBot.MT5: ✅ MetaTrader 5 terhubung dengan sukses.
2026-05-25 12:17:01,509 [INFO] SMCBot.MT5: ✅ MetaTrader 5 terhubung dengan sukses.
2026-05-25 12:17:16,525 [INFO] SMCBot.MT5: ✅ MetaTrader 5 terhubung dengan sukses.
2026-05-25 12:17:32,708 [INFO] SMCBot.MT5: ✅ MetaTrader 5 terhubung dengan sukses.
2026-05-25 12:17:49,557 [INFO] SMCBot.MT5: ✅ MetaTrader 5 terhubung dengan sukses.
2026-05-25 12:18:06,047 [INFO] SMCBot.MT5: ✅ MetaTrader 5 terhubung dengan sukses.
2026-05-25 12:18:07,743 [INFO] SMCBot.MT5: ✅ MetaTrader 5 terhubung dengan sukses.
2026-05-25 12:18:22,760 [INFO] SMCBot.MT5: ✅ MetaTrader 5 terhubung dengan sukses.
2026-05-25 12:18:38,949 [INFO] SMCBot.MT5: ✅ MetaTrader 5 terhubung dengan sukses.
2026-05-25 12:18:55,412 [INFO] SMCBot.MT5: ✅ MetaTrader 5 terhubung dengan sukses.
2026-05-25 12:19:12,316 [INFO] SMCBot.MT5: ✅ MetaTrader 5 terhubung dengan sukses.
2026-05-25 12:19:13,891 [INFO] SMCBot.MT5: ✅ MetaTrader 5 terhubung dengan sukses.
2026-05-25 12:19:13,892 [INFO] SMCBot.LiveTrader: 🎯 SINYAL TERDETEKSI: SELL | Bearish OB retest (bias=bearish, price=4563.265 < ema200)
2026-05-25 12:19:13,901 [INFO] SMCBot.MT5: ✅ MetaTrader 5 terhubung dengan sukses.
2026-05-25 12:19:13,909 [INFO] SMCBot.MT5: Mengirim order SELL 0.05 lot @ 4563.02 | SL: 4564.73 | TP: 4561.57
2026-05-25 12:19:14,240 [INFO] SMCBot.MT5: 🚀 *EKSEKUSI POSISI OTOMATIS BERHASIL!*

📈 *Arah:* SELL
💰 *Lot:* 0.05
💵 *Harga Entry:* 4563.02
🛑 *Stop Loss:* 4564.73
🎯 *Take Profit:* 4561.57
💬 *Alasan:* Bearish OB retest (bias=bearish, price=4563.265 < ema200)
2026-05-25 12:19:15,344 [INFO] SMCBot.LiveTrader: Order otomatis berhasil dipasang di MT5.
2026-05-25 12:19:30,362 [INFO] SMCBot.MT5: ✅ MetaTrader 5 terhubung dengan sukses.
2026-05-25 12:19:46,873 [INFO] SMCBot.MT5: ✅ MetaTrader 5 terhubung dengan sukses.
2026-05-25 12:20:03,519 [INFO] SMCBot.MT5: ✅ MetaTrader 5 terhubung dengan sukses.
2026-05-25 12:20:05,522 [INFO] SMCBot.MT5: ✅ MetaTrader 5 terhubung dengan sukses.
2026-05-25 12:20:05,523 [INFO] SMCBot.LiveTrader: ℹ️ Ada 1 posisi bot sedang berjalan di MT5. Menunggu posisi ditutup...
2026-05-25 12:20:20,538 [INFO] SMCBot.MT5: ✅ MetaTrader 5 terhubung dengan sukses.
2026-05-25 12:20:37,141 [INFO] SMCBot.MT5: ✅ MetaTrader 5 terhubung dengan sukses.
2026-05-25 12:20:53,505 [INFO] SMCBot.MT5: ✅ MetaTrader 5 terhubung dengan sukses.
2026-05-25 12:21:10,339 [INFO] SMCBot.MT5: ✅ MetaTrader 5 terhubung dengan sukses.
2026-05-25 12:21:12,266 [INFO] SMCBot.MT5: ✅ MetaTrader 5 terhubung dengan sukses.
2026-05-25 12:21:27,277 [INFO] SMCBot.MT5: ✅ MetaTrader 5 terhubung dengan sukses.
2026-05-25 12:21:43,470 [INFO] SMCBot.MT5: ✅ MetaTrader 5 terhubung dengan sukses.
2026-05-25 12:22:00,568 [INFO] SMCBot.MT5: ✅ MetaTrader 5 terhubung dengan sukses.
2026-05-25 12:22:02,430 [INFO] SMCBot.MT5: ✅ MetaTrader 5 terhubung dengan sukses.
2026-05-25 12:22:17,444 [INFO] SMCBot.MT5: ✅ MetaTrader 5 terhubung dengan sukses.
2026-05-25 12:22:33,694 [INFO] SMCBot.MT5: ✅ MetaTrader 5 terhubung dengan sukses.
2026-05-25 12:22:50,123 [INFO] SMCBot.MT5: ✅ MetaTrader 5 terhubung dengan sukses.
2026-05-25 12:23:06,875 [INFO] SMCBot.MT5: ✅ MetaTrader 5 terhubung dengan sukses.
2026-05-25 12:23:08,718 [INFO] SMCBot.MT5: ✅ MetaTrader 5 terhubung dengan sukses.
2026-05-25 12:23:23,727 [INFO] SMCBot.MT5: ✅ MetaTrader 5 terhubung dengan sukses.
2026-05-25 12:23:40,110 [INFO] SMCBot.MT5: ✅ MetaTrader 5 terhubung dengan sukses.
2026-05-25 12:23:56,678 [INFO] SMCBot.MT5: ✅ MetaTrader 5 terhubung dengan sukses.
2026-05-25 12:24:13,118 [INFO] SMCBot.MT5: ✅ MetaTrader 5 terhubung dengan sukses.
2026-05-25 12:24:14,925 [INFO] SMCBot.MT5: ✅ MetaTrader 5 terhubung dengan sukses.
2026-05-25 12:24:29,942 [INFO] SMCBot.MT5: ✅ MetaTrader 5 terhubung dengan sukses.
2026-05-25 12:24:46,530 [INFO] SMCBot.MT5: ✅ MetaTrader 5 terhubung dengan sukses.
2026-05-25 12:25:03,217 [INFO] SMCBot.MT5: ✅ MetaTrader 5 terhubung dengan sukses.
2026-05-25 12:25:04,600 [INFO] SMCBot.MT5: ✅ MetaTrader 5 terhubung dengan sukses.
2026-05-25 12:25:19,618 [INFO] SMCBot.MT5: ✅ MetaTrader 5 terhubung dengan sukses.
2026-05-25 12:25:36,268 [INFO] SMCBot.MT5: ✅ MetaTrader 5 terhubung dengan sukses.
2026-05-25 12:25:52,548 [INFO] SMCBot.MT5: ✅ MetaTrader 5 terhubung dengan sukses.
2026-05-25 12:26:09,154 [INFO] SMCBot.MT5: ✅ MetaTrader 5 terhubung dengan sukses.
2026-05-25 12:26:10,771 [INFO] SMCBot.MT5: ✅ MetaTrader 5 terhubung dengan sukses.
2026-05-25 12:26:25,787 [INFO] SMCBot.MT5: ✅ MetaTrader 5 terhubung dengan sukses.
2026-05-25 12:26:42,250 [INFO] SMCBot.MT5: ✅ MetaTrader 5 terhubung dengan sukses.
2026-05-25 12:26:58,755 [INFO] SMCBot.MT5: ✅ MetaTrader 5 terhubung dengan sukses.
2026-05-25 12:27:15,012 [INFO] SMCBot.MT5: ✅ MetaTrader 5 terhubung dengan sukses.
2026-05-25 12:27:16,708 [INFO] SMCBot.MT5: ✅ MetaTrader 5 terhubung dengan sukses.
2026-05-25 12:27:31,724 [INFO] SMCBot.MT5: ✅ MetaTrader 5 terhubung dengan sukses.
2026-05-25 12:27:48,543 [INFO] SMCBot.MT5: ✅ MetaTrader 5 terhubung dengan sukses.
2026-05-25 12:28:05,979 [INFO] SMCBot.MT5: ✅ MetaTrader 5 terhubung dengan sukses.
2026-05-25 12:28:07,327 [INFO] SMCBot.MT5: ✅ MetaTrader 5 terhubung dengan sukses.
2026-05-25 12:28:22,344 [INFO] SMCBot.MT5: ✅ MetaTrader 5 terhubung dengan sukses.
2026-05-25 12:28:38,763 [INFO] SMCBot.MT5: ✅ MetaTrader 5 terhubung dengan sukses.
2026-05-25 12:28:55,745 [INFO] SMCBot.MT5: ✅ MetaTrader 5 terhubung dengan sukses.
2026-05-25 12:29:12,653 [INFO] SMCBot.MT5: ✅ MetaTrader 5 terhubung dengan sukses.
2026-05-25 12:29:14,257 [INFO] SMCBot.MT5: ✅ MetaTrader 5 terhubung dengan sukses.
2026-05-25 12:29:29,274 [INFO] SMCBot.MT5: ✅ MetaTrader 5 terhubung dengan sukses.
2026-05-25 12:29:45,635 [INFO] SMCBot.MT5: ✅ MetaTrader 5 terhubung dengan sukses.
2026-05-25 12:30:02,507 [INFO] SMCBot.MT5: ✅ MetaTrader 5 terhubung dengan sukses.
2026-05-25 12:30:04,400 [INFO] SMCBot.MT5: ✅ MetaTrader 5 terhubung dengan sukses.
2026-05-25 12:30:19,418 [INFO] SMCBot.MT5: ✅ MetaTrader 5 terhubung dengan sukses.
2026-05-25 12:30:35,916 [INFO] SMCBot.MT5: ✅ MetaTrader 5 terhubung dengan sukses.
2026-05-25 12:30:52,113 [INFO] SMCBot.MT5: ✅ MetaTrader 5 terhubung dengan sukses.
2026-05-25 12:31:08,800 [INFO] SMCBot.MT5: ✅ MetaTrader 5 terhubung dengan sukses.
2026-05-25 12:31:10,625 [INFO] SMCBot.MT5: ✅ MetaTrader 5 terhubung dengan sukses.
2026-05-25 12:31:25,643 [INFO] SMCBot.MT5: ✅ MetaTrader 5 terhubung dengan sukses.
2026-05-25 12:31:41,874 [INFO] SMCBot.MT5: ✅ MetaTrader 5 terhubung dengan sukses.
2026-05-25 12:31:58,603 [INFO] SMCBot.MT5: ✅ MetaTrader 5 terhubung dengan sukses.
2026-05-25 12:32:00,431 [INFO] SMCBot.MT5: ✅ MetaTrader 5 terhubung dengan sukses.
2026-05-25 12:32:15,444 [INFO] SMCBot.MT5: ✅ MetaTrader 5 terhubung dengan sukses.
2026-05-25 12:32:31,902 [INFO] SMCBot.MT5: ✅ MetaTrader 5 terhubung dengan sukses.
2026-05-25 12:32:39,623 [INFO] SMCBot.LiveTrader: =========================================================
2026-05-25 12:32:39,624 [INFO] SMCBot.LiveTrader: 🚀 MEMULAI AUTO-TRADING BOT XAUUSD SMC (MT5)
2026-05-25 12:32:39,624 [INFO] SMCBot.LiveTrader: =========================================================
2026-05-25 12:32:39,638 [INFO] SMCBot.MT5: ✅ MetaTrader 5 terhubung dengan sukses.
2026-05-25 12:32:39,639 [INFO] SMCBot.LiveTrader: 📨 Background Telegram Listener aktif.
2026-05-25 12:32:40,704 [INFO] SMCBot.LiveTrader: 📅 Memulai hari baru trading: 2026-05-25. Reset loss harian ke $0.00.
2026-05-25 12:32:40,713 [INFO] SMCBot.MT5: ✅ MetaTrader 5 terhubung dengan sukses.
2026-05-25 12:32:42,107 [INFO] SMCBot.MT5: ✅ MetaTrader 5 terhubung dengan sukses.
2026-05-25 12:32:48,738 [INFO] SMCBot.LiveTrader: Pesan Telegram diterima: '/status'
2026-05-25 12:32:48,752 [INFO] SMCBot.MT5: ✅ MetaTrader 5 terhubung dengan sukses.
2026-05-25 12:32:57,122 [INFO] SMCBot.MT5: ✅ MetaTrader 5 terhubung dengan sukses.
2026-05-25 12:33:14,088 [INFO] SMCBot.MT5: ✅ MetaTrader 5 terhubung dengan sukses.
2026-05-25 12:33:16,182 [INFO] SMCBot.MT5: ✅ MetaTrader 5 terhubung dengan sukses.
2026-05-25 12:33:31,200 [INFO] SMCBot.MT5: ✅ MetaTrader 5 terhubung dengan sukses.
2026-05-25 12:33:47,673 [INFO] SMCBot.MT5: ✅ MetaTrader 5 terhubung dengan sukses.
2026-05-25 12:34:04,381 [INFO] SMCBot.MT5: ✅ MetaTrader 5 terhubung dengan sukses.
2026-05-25 12:34:05,801 [INFO] SMCBot.MT5: ✅ MetaTrader 5 terhubung dengan sukses.
2026-05-25 12:34:20,817 [INFO] SMCBot.MT5: ✅ MetaTrader 5 terhubung dengan sukses.
2026-05-25 12:34:37,459 [INFO] SMCBot.MT5: ✅ MetaTrader 5 terhubung dengan sukses.
2026-05-25 12:34:53,824 [INFO] SMCBot.MT5: ✅ MetaTrader 5 terhubung dengan sukses.
2026-05-25 12:35:10,058 [INFO] SMCBot.MT5: ✅ MetaTrader 5 terhubung dengan sukses.
2026-05-25 12:35:11,869 [INFO] SMCBot.MT5: ✅ MetaTrader 5 terhubung dengan sukses.
2026-05-25 12:35:26,885 [INFO] SMCBot.MT5: ✅ MetaTrader 5 terhubung dengan sukses.
2026-05-25 12:35:43,283 [INFO] SMCBot.MT5: ✅ MetaTrader 5 terhubung dengan sukses.
2026-05-25 12:35:59,832 [INFO] SMCBot.MT5: ✅ MetaTrader 5 terhubung dengan sukses.
2026-05-25 12:36:01,536 [INFO] SMCBot.MT5: ✅ MetaTrader 5 terhubung dengan sukses.
2026-05-25 12:36:16,555 [INFO] SMCBot.MT5: ✅ MetaTrader 5 terhubung dengan sukses.
2026-05-25 12:36:32,957 [INFO] SMCBot.MT5: ✅ MetaTrader 5 terhubung dengan sukses.
2026-05-25 12:36:49,588 [INFO] SMCBot.MT5: ✅ MetaTrader 5 terhubung dengan sukses.
2026-05-25 12:37:06,873 [INFO] SMCBot.MT5: ✅ MetaTrader 5 terhubung dengan sukses.
2026-05-25 12:37:08,789 [INFO] SMCBot.MT5: ✅ MetaTrader 5 terhubung dengan sukses.
2026-05-25 12:37:23,808 [INFO] SMCBot.MT5: ✅ MetaTrader 5 terhubung dengan sukses.
2026-05-25 12:37:40,814 [INFO] SMCBot.MT5: ✅ MetaTrader 5 terhubung dengan sukses.
2026-05-25 12:37:57,413 [INFO] SMCBot.MT5: ✅ MetaTrader 5 terhubung dengan sukses.
2026-05-25 12:38:14,063 [INFO] SMCBot.MT5: ✅ MetaTrader 5 terhubung dengan sukses.
2026-05-25 12:38:16,310 [INFO] SMCBot.MT5: ✅ MetaTrader 5 terhubung dengan sukses.
2026-05-25 12:38:31,328 [INFO] SMCBot.MT5: ✅ MetaTrader 5 terhubung dengan sukses.
2026-05-25 12:38:47,845 [INFO] SMCBot.MT5: ✅ MetaTrader 5 terhubung dengan sukses.
2026-05-25 12:39:04,337 [INFO] SMCBot.MT5: ✅ MetaTrader 5 terhubung dengan sukses.
2026-05-25 12:39:06,043 [INFO] SMCBot.MT5: ✅ MetaTrader 5 terhubung dengan sukses.
2026-05-25 12:39:21,061 [INFO] SMCBot.MT5: ✅ MetaTrader 5 terhubung dengan sukses.
2026-05-25 12:39:37,537 [INFO] SMCBot.MT5: ✅ MetaTrader 5 terhubung dengan sukses.
2026-05-25 12:39:54,196 [INFO] SMCBot.MT5: ✅ MetaTrader 5 terhubung dengan sukses.
2026-05-25 12:40:10,838 [INFO] SMCBot.MT5: ✅ MetaTrader 5 terhubung dengan sukses.
2026-05-25 12:40:12,458 [INFO] SMCBot.MT5: ✅ MetaTrader 5 terhubung dengan sukses.
2026-05-25 12:40:27,474 [INFO] SMCBot.MT5: ✅ MetaTrader 5 terhubung dengan sukses.
2026-05-25 12:40:43,919 [INFO] SMCBot.MT5: ✅ MetaTrader 5 terhubung dengan sukses.
2026-05-25 12:41:00,800 [INFO] SMCBot.MT5: ✅ MetaTrader 5 terhubung dengan sukses.
2026-05-25 12:41:02,543 [INFO] SMCBot.MT5: ✅ MetaTrader 5 terhubung dengan sukses.
2026-05-25 12:41:17,561 [INFO] SMCBot.MT5: ✅ MetaTrader 5 terhubung dengan sukses.
2026-05-25 12:41:34,213 [INFO] SMCBot.MT5: ✅ MetaTrader 5 terhubung dengan sukses.
2026-05-25 12:41:50,493 [INFO] SMCBot.MT5: ✅ MetaTrader 5 terhubung dengan sukses.
2026-05-25 12:42:07,453 [INFO] SMCBot.MT5: ✅ MetaTrader 5 terhubung dengan sukses.
2026-05-25 12:42:09,478 [INFO] SMCBot.MT5: ✅ MetaTrader 5 terhubung dengan sukses.
2026-05-25 12:42:24,495 [INFO] SMCBot.MT5: ✅ MetaTrader 5 terhubung dengan sukses.
2026-05-25 12:42:40,984 [INFO] SMCBot.MT5: ✅ MetaTrader 5 terhubung dengan sukses.
2026-05-25 12:42:57,434 [INFO] SMCBot.MT5: ✅ MetaTrader 5 terhubung dengan sukses.
2026-05-25 12:43:13,913 [INFO] SMCBot.MT5: ✅ MetaTrader 5 terhubung dengan sukses.
2026-05-25 12:43:15,786 [INFO] SMCBot.MT5: ✅ MetaTrader 5 terhubung dengan sukses.
2026-05-25 12:43:30,803 [INFO] SMCBot.MT5: ✅ MetaTrader 5 terhubung dengan sukses.
2026-05-25 12:43:47,410 [INFO] SMCBot.MT5: ✅ MetaTrader 5 terhubung dengan sukses.
2026-05-25 12:44:05,555 [INFO] SMCBot.MT5: ✅ MetaTrader 5 terhubung dengan sukses.
2026-05-25 12:44:07,665 [INFO] SMCBot.MT5: ✅ MetaTrader 5 terhubung dengan sukses.
2026-05-25 12:44:22,680 [INFO] SMCBot.MT5: ✅ MetaTrader 5 terhubung dengan sukses.
2026-05-25 12:44:39,225 [INFO] SMCBot.MT5: ✅ MetaTrader 5 terhubung dengan sukses.
2026-05-25 12:44:55,847 [INFO] SMCBot.MT5: ✅ MetaTrader 5 terhubung dengan sukses.
2026-05-25 12:45:12,092 [INFO] SMCBot.MT5: ✅ MetaTrader 5 terhubung dengan sukses.
2026-05-25 12:45:13,978 [INFO] SMCBot.MT5: ✅ MetaTrader 5 terhubung dengan sukses.
2026-05-25 12:45:28,996 [INFO] SMCBot.MT5: ✅ MetaTrader 5 terhubung dengan sukses.
2026-05-25 12:45:45,662 [INFO] SMCBot.MT5: ✅ MetaTrader 5 terhubung dengan sukses.
2026-05-25 12:46:02,739 [INFO] SMCBot.MT5: ✅ MetaTrader 5 terhubung dengan sukses.
2026-05-25 12:46:04,962 [INFO] SMCBot.MT5: ✅ MetaTrader 5 terhubung dengan sukses.
2026-05-25 12:46:19,979 [INFO] SMCBot.MT5: ✅ MetaTrader 5 terhubung dengan sukses.
2026-05-25 12:46:36,751 [INFO] SMCBot.MT5: ✅ MetaTrader 5 terhubung dengan sukses.
2026-05-25 12:46:53,429 [INFO] SMCBot.MT5: ✅ MetaTrader 5 terhubung dengan sukses.
2026-05-25 12:47:09,878 [INFO] SMCBot.MT5: ✅ MetaTrader 5 terhubung dengan sukses.
2026-05-25 12:47:11,470 [INFO] SMCBot.MT5: ✅ MetaTrader 5 terhubung dengan sukses.
2026-05-25 12:47:26,487 [INFO] SMCBot.MT5: ✅ MetaTrader 5 terhubung dengan sukses.
2026-05-25 12:47:43,012 [INFO] SMCBot.MT5: ✅ MetaTrader 5 terhubung dengan sukses.
2026-05-25 12:47:59,578 [INFO] SMCBot.MT5: ✅ MetaTrader 5 terhubung dengan sukses.
2026-05-25 12:48:01,337 [INFO] SMCBot.MT5: ✅ MetaTrader 5 terhubung dengan sukses.
2026-05-25 12:48:16,354 [INFO] SMCBot.MT5: ✅ MetaTrader 5 terhubung dengan sukses.
2026-05-25 12:48:32,863 [INFO] SMCBot.MT5: ✅ MetaTrader 5 terhubung dengan sukses.
2026-05-25 12:48:49,024 [INFO] SMCBot.MT5: ✅ MetaTrader 5 terhubung dengan sukses.
2026-05-25 12:49:05,724 [INFO] SMCBot.MT5: ✅ MetaTrader 5 terhubung dengan sukses.
2026-05-25 12:49:07,510 [INFO] SMCBot.MT5: ✅ MetaTrader 5 terhubung dengan sukses.
2026-05-25 12:49:22,532 [INFO] SMCBot.MT5: ✅ MetaTrader 5 terhubung dengan sukses.
2026-05-25 12:49:39,062 [INFO] SMCBot.MT5: ✅ MetaTrader 5 terhubung dengan sukses.
2026-05-25 12:49:56,395 [INFO] SMCBot.MT5: ✅ MetaTrader 5 terhubung dengan sukses.
2026-05-25 12:50:13,416 [INFO] SMCBot.MT5: ✅ MetaTrader 5 terhubung dengan sukses.
2026-05-25 12:50:15,166 [INFO] SMCBot.MT5: ✅ MetaTrader 5 terhubung dengan sukses.
2026-05-25 12:50:30,185 [INFO] SMCBot.MT5: ✅ MetaTrader 5 terhubung dengan sukses.
2026-05-25 12:50:47,024 [INFO] SMCBot.MT5: ✅ MetaTrader 5 terhubung dengan sukses.
2026-05-25 12:51:03,623 [INFO] SMCBot.MT5: ✅ MetaTrader 5 terhubung dengan sukses.
2026-05-25 12:51:05,440 [INFO] SMCBot.MT5: ✅ MetaTrader 5 terhubung dengan sukses.
2026-05-25 12:51:20,457 [INFO] SMCBot.MT5: ✅ MetaTrader 5 terhubung dengan sukses.
2026-05-25 12:51:37,099 [INFO] SMCBot.MT5: ✅ MetaTrader 5 terhubung dengan sukses.
2026-05-25 12:51:53,695 [INFO] SMCBot.MT5: ✅ MetaTrader 5 terhubung dengan sukses.
2026-05-25 12:52:10,510 [INFO] SMCBot.MT5: ✅ MetaTrader 5 terhubung dengan sukses.
2026-05-25 12:52:12,396 [INFO] SMCBot.MT5: ✅ MetaTrader 5 terhubung dengan sukses.
2026-05-25 12:52:27,412 [INFO] SMCBot.MT5: ✅ MetaTrader 5 terhubung dengan sukses.
2026-05-25 12:52:44,336 [INFO] SMCBot.MT5: ✅ MetaTrader 5 terhubung dengan sukses.
2026-05-25 12:53:00,950 [INFO] SMCBot.MT5: ✅ MetaTrader 5 terhubung dengan sukses.
2026-05-25 12:53:02,568 [INFO] SMCBot.MT5: ✅ MetaTrader 5 terhubung dengan sukses.
2026-05-25 12:53:17,586 [INFO] SMCBot.MT5: ✅ MetaTrader 5 terhubung dengan sukses.
2026-05-25 12:53:35,696 [INFO] SMCBot.MT5: ✅ MetaTrader 5 terhubung dengan sukses.
2026-05-25 12:53:52,267 [INFO] SMCBot.MT5: ✅ MetaTrader 5 terhubung dengan sukses.
2026-05-25 12:54:08,782 [INFO] SMCBot.MT5: ✅ MetaTrader 5 terhubung dengan sukses.
2026-05-25 12:54:10,562 [INFO] SMCBot.MT5: ✅ MetaTrader 5 terhubung dengan sukses.
2026-05-25 12:54:25,580 [INFO] SMCBot.MT5: ✅ MetaTrader 5 terhubung dengan sukses.
2026-05-25 12:54:43,103 [INFO] SMCBot.MT5: ✅ MetaTrader 5 terhubung dengan sukses.
2026-05-25 12:54:59,609 [INFO] SMCBot.MT5: ✅ MetaTrader 5 terhubung dengan sukses.
2026-05-25 12:55:01,558 [INFO] SMCBot.MT5: ✅ MetaTrader 5 terhubung dengan sukses.
2026-05-25 12:55:16,575 [INFO] SMCBot.MT5: ✅ MetaTrader 5 terhubung dengan sukses.
2026-05-25 12:55:34,012 [INFO] SMCBot.MT5: ✅ MetaTrader 5 terhubung dengan sukses.
2026-05-25 12:55:53,786 [INFO] SMCBot.MT5: ✅ MetaTrader 5 terhubung dengan sukses.
2026-05-25 12:56:10,929 [INFO] SMCBot.MT5: ✅ MetaTrader 5 terhubung dengan sukses.
2026-05-25 12:56:12,697 [INFO] SMCBot.MT5: ✅ MetaTrader 5 terhubung dengan sukses.
2026-05-25 12:56:27,715 [INFO] SMCBot.MT5: ✅ MetaTrader 5 terhubung dengan sukses.
2026-05-25 12:56:44,662 [INFO] SMCBot.MT5: ✅ MetaTrader 5 terhubung dengan sukses.
2026-05-25 12:57:01,579 [INFO] SMCBot.MT5: ✅ MetaTrader 5 terhubung dengan sukses.
2026-05-25 12:57:03,004 [INFO] SMCBot.MT5: ✅ MetaTrader 5 terhubung dengan sukses.
2026-05-25 12:57:18,022 [INFO] SMCBot.MT5: ✅ MetaTrader 5 terhubung dengan sukses.
2026-05-25 12:57:34,545 [INFO] SMCBot.MT5: ✅ MetaTrader 5 terhubung dengan sukses.
2026-05-25 12:57:51,592 [INFO] SMCBot.MT5: ✅ MetaTrader 5 terhubung dengan sukses.
2026-05-25 12:58:08,170 [INFO] SMCBot.MT5: ✅ MetaTrader 5 terhubung dengan sukses.
2026-05-25 12:58:09,751 [INFO] SMCBot.MT5: ✅ MetaTrader 5 terhubung dengan sukses.
2026-05-25 12:58:24,762 [INFO] SMCBot.MT5: ✅ MetaTrader 5 terhubung dengan sukses.
2026-05-25 12:58:41,348 [INFO] SMCBot.MT5: ✅ MetaTrader 5 terhubung dengan sukses.
2026-05-25 12:58:57,550 [INFO] SMCBot.MT5: ✅ MetaTrader 5 terhubung dengan sukses.
2026-05-25 12:59:13,832 [INFO] SMCBot.MT5: ✅ MetaTrader 5 terhubung dengan sukses.
2026-05-25 12:59:15,459 [INFO] SMCBot.MT5: ✅ MetaTrader 5 terhubung dengan sukses.
2026-05-25 12:59:30,469 [INFO] SMCBot.MT5: ✅ MetaTrader 5 terhubung dengan sukses.
2026-05-25 12:59:46,667 [INFO] SMCBot.MT5: ✅ MetaTrader 5 terhubung dengan sukses.
2026-05-25 13:00:03,216 [INFO] SMCBot.MT5: ✅ MetaTrader 5 terhubung dengan sukses.
2026-05-25 13:00:05,417 [INFO] SMCBot.MT5: ✅ MetaTrader 5 terhubung dengan sukses.
2026-05-25 13:00:20,432 [INFO] SMCBot.MT5: ✅ MetaTrader 5 terhubung dengan sukses.
2026-05-25 13:00:37,047 [INFO] SMCBot.MT5: ✅ MetaTrader 5 terhubung dengan sukses.
2026-05-25 13:00:54,027 [INFO] SMCBot.MT5: ✅ MetaTrader 5 terhubung dengan sukses.
2026-05-25 13:01:10,723 [INFO] SMCBot.MT5: ✅ MetaTrader 5 terhubung dengan sukses.
2026-05-25 13:01:12,389 [INFO] SMCBot.MT5: ✅ MetaTrader 5 terhubung dengan sukses.
2026-05-25 13:01:27,404 [INFO] SMCBot.MT5: ✅ MetaTrader 5 terhubung dengan sukses.
2026-05-25 13:01:43,878 [INFO] SMCBot.MT5: ✅ MetaTrader 5 terhubung dengan sukses.
2026-05-25 13:02:00,060 [INFO] SMCBot.MT5: ✅ MetaTrader 5 terhubung dengan sukses.
2026-05-25 13:02:01,384 [INFO] SMCBot.MT5: ✅ MetaTrader 5 terhubung dengan sukses.
2026-05-25 13:02:16,399 [INFO] SMCBot.MT5: ✅ MetaTrader 5 terhubung dengan sukses.
2026-05-25 13:02:33,069 [INFO] SMCBot.MT5: ✅ MetaTrader 5 terhubung dengan sukses.
2026-05-25 13:02:49,231 [INFO] SMCBot.MT5: ✅ MetaTrader 5 terhubung dengan sukses.
2026-05-25 13:03:05,456 [INFO] SMCBot.MT5: ✅ MetaTrader 5 terhubung dengan sukses.
2026-05-25 13:03:07,190 [INFO] SMCBot.MT5: ✅ MetaTrader 5 terhubung dengan sukses.
2026-05-25 13:03:22,201 [INFO] SMCBot.MT5: ✅ MetaTrader 5 terhubung dengan sukses.
2026-05-25 13:03:39,395 [INFO] SMCBot.MT5: ✅ MetaTrader 5 terhubung dengan sukses.
2026-05-25 13:03:55,894 [INFO] SMCBot.MT5: ✅ MetaTrader 5 terhubung dengan sukses.
2026-05-25 13:04:12,712 [INFO] SMCBot.MT5: ✅ MetaTrader 5 terhubung dengan sukses.
2026-05-25 13:04:14,290 [INFO] SMCBot.MT5: ✅ MetaTrader 5 terhubung dengan sukses.
2026-05-25 13:04:29,301 [INFO] SMCBot.MT5: ✅ MetaTrader 5 terhubung dengan sukses.
2026-05-25 13:04:46,213 [INFO] SMCBot.MT5: ✅ MetaTrader 5 terhubung dengan sukses.
2026-05-25 13:05:02,667 [INFO] SMCBot.MT5: ✅ MetaTrader 5 terhubung dengan sukses.
2026-05-25 13:05:04,144 [INFO] SMCBot.MT5: ✅ MetaTrader 5 terhubung dengan sukses.
2026-05-25 13:05:19,160 [INFO] SMCBot.MT5: ✅ MetaTrader 5 terhubung dengan sukses.
2026-05-25 13:05:35,357 [INFO] SMCBot.MT5: ✅ MetaTrader 5 terhubung dengan sukses.
2026-05-25 13:05:52,163 [INFO] SMCBot.MT5: ✅ MetaTrader 5 terhubung dengan sukses.
2026-05-25 13:06:08,597 [INFO] SMCBot.MT5: ✅ MetaTrader 5 terhubung dengan sukses.
2026-05-25 13:06:10,309 [INFO] SMCBot.MT5: ✅ MetaTrader 5 terhubung dengan sukses.
2026-05-25 13:06:25,325 [INFO] SMCBot.MT5: ✅ MetaTrader 5 terhubung dengan sukses.
2026-05-25 13:06:41,824 [INFO] SMCBot.MT5: ✅ MetaTrader 5 terhubung dengan sukses.
2026-05-25 13:06:58,128 [INFO] SMCBot.MT5: ✅ MetaTrader 5 terhubung dengan sukses.
2026-05-25 13:07:14,578 [INFO] SMCBot.MT5: ✅ MetaTrader 5 terhubung dengan sukses.
2026-05-25 13:07:16,627 [INFO] SMCBot.MT5: ✅ MetaTrader 5 terhubung dengan sukses.
2026-05-25 13:07:31,638 [INFO] SMCBot.MT5: ✅ MetaTrader 5 terhubung dengan sukses.
2026-05-25 13:07:48,161 [INFO] SMCBot.MT5: ✅ MetaTrader 5 terhubung dengan sukses.
2026-05-25 13:08:04,724 [INFO] SMCBot.MT5: ✅ MetaTrader 5 terhubung dengan sukses.
2026-05-25 13:08:07,021 [INFO] SMCBot.MT5: ✅ MetaTrader 5 terhubung dengan sukses.
2026-05-25 13:08:22,042 [INFO] SMCBot.MT5: ✅ MetaTrader 5 terhubung dengan sukses.
2026-05-25 13:08:38,556 [INFO] SMCBot.MT5: ✅ MetaTrader 5 terhubung dengan sukses.
2026-05-25 13:08:55,039 [INFO] SMCBot.MT5: ✅ MetaTrader 5 terhubung dengan sukses.
2026-05-25 13:09:11,334 [INFO] SMCBot.MT5: ✅ MetaTrader 5 terhubung dengan sukses.
2026-05-25 13:09:14,655 [INFO] SMCBot.MT5: ✅ MetaTrader 5 terhubung dengan sukses.
2026-05-25 13:09:14,656 [INFO] SMCBot.LiveTrader: 🎯 SINYAL TERDETEKSI: SELL | Bearish OB retest (bias=bearish, price=4551.68 < ema200)
2026-05-25 13:09:14,665 [INFO] SMCBot.MT5: ✅ MetaTrader 5 terhubung dengan sukses.
2026-05-25 13:09:14,666 [INFO] SMCBot.MT5: Mengirim order SELL 0.05 lot @ 4551.42 | SL: 4555.34 | TP: 4548.72
2026-05-25 13:09:14,970 [INFO] SMCBot.MT5: 🚀 *EKSEKUSI POSISI OTOMATIS BERHASIL!*

📈 *Arah:* SELL
💰 *Lot:* 0.05
💵 *Harga Entry:* 4551.43
🛑 *Stop Loss:* 4555.34
🎯 *Take Profit:* 4548.72
💬 *Alasan:* Bearish OB retest (bias=bearish, price=4551.68 < ema200)
2026-05-25 13:09:16,151 [INFO] SMCBot.LiveTrader: Order otomatis berhasil dipasang di MT5.
2026-05-25 13:09:31,164 [INFO] SMCBot.MT5: ✅ MetaTrader 5 terhubung dengan sukses.
2026-05-25 13:09:31,173 [INFO] SMCBot.MT5: ✅ MetaTrader 5 terhubung dengan sukses.
2026-05-25 13:09:31,186 [INFO] SMCBot.MT5: ✅ MetaTrader 5 terhubung dengan sukses.
2026-05-25 13:09:47,399 [INFO] SMCBot.MT5: ✅ MetaTrader 5 terhubung dengan sukses.
2026-05-25 13:09:47,417 [INFO] SMCBot.MT5: ✅ MetaTrader 5 terhubung dengan sukses.
2026-05-25 13:09:47,431 [INFO] SMCBot.MT5: ✅ MetaTrader 5 terhubung dengan sukses.
2026-05-25 13:10:04,116 [INFO] SMCBot.MT5: ✅ MetaTrader 5 terhubung dengan sukses.
2026-05-25 13:10:04,130 [INFO] SMCBot.MT5: ✅ MetaTrader 5 terhubung dengan sukses.
2026-05-25 13:10:04,144 [INFO] SMCBot.MT5: ✅ MetaTrader 5 terhubung dengan sukses.
2026-05-25 13:10:06,326 [INFO] SMCBot.MT5: ✅ MetaTrader 5 terhubung dengan sukses.
2026-05-25 13:10:06,327 [INFO] SMCBot.LiveTrader: ℹ️ Ada 1 posisi bot sedang berjalan di MT5. Menunggu posisi ditutup...
2026-05-25 13:10:21,345 [INFO] SMCBot.MT5: ✅ MetaTrader 5 terhubung dengan sukses.
2026-05-25 13:10:21,361 [INFO] SMCBot.MT5: ✅ MetaTrader 5 terhubung dengan sukses.
2026-05-25 13:10:21,376 [INFO] SMCBot.MT5: ✅ MetaTrader 5 terhubung dengan sukses.
2026-05-25 13:10:37,413 [INFO] SMCBot.MT5: ✅ MetaTrader 5 terhubung dengan sukses.
2026-05-25 13:10:37,428 [INFO] SMCBot.MT5: ✅ MetaTrader 5 terhubung dengan sukses.
2026-05-25 13:10:37,436 [INFO] SMCBot.MT5: ✅ MetaTrader 5 terhubung dengan sukses.
2026-05-25 13:10:54,003 [INFO] SMCBot.MT5: ✅ MetaTrader 5 terhubung dengan sukses.
2026-05-25 13:10:54,012 [INFO] SMCBot.MT5: ✅ MetaTrader 5 terhubung dengan sukses.
2026-05-25 13:10:54,027 [INFO] SMCBot.MT5: ✅ MetaTrader 5 terhubung dengan sukses.
2026-05-25 13:11:11,150 [INFO] SMCBot.MT5: ✅ MetaTrader 5 terhubung dengan sukses.
2026-05-25 13:11:11,165 [INFO] SMCBot.MT5: ✅ MetaTrader 5 terhubung dengan sukses.
2026-05-25 13:11:11,179 [INFO] SMCBot.MT5: ✅ MetaTrader 5 terhubung dengan sukses.
2026-05-25 13:11:13,369 [INFO] SMCBot.MT5: ✅ MetaTrader 5 terhubung dengan sukses.
2026-05-25 13:11:13,370 [INFO] SMCBot.LiveTrader: ℹ️ Ada 1 posisi bot sedang berjalan di MT5. Menunggu posisi ditutup...
2026-05-25 13:11:28,386 [INFO] SMCBot.MT5: ✅ MetaTrader 5 terhubung dengan sukses.
2026-05-25 13:11:28,400 [INFO] SMCBot.MT5: ✅ MetaTrader 5 terhubung dengan sukses.
2026-05-25 13:11:28,415 [INFO] SMCBot.MT5: ✅ MetaTrader 5 terhubung dengan sukses.
2026-05-25 13:11:44,836 [INFO] SMCBot.MT5: ✅ MetaTrader 5 terhubung dengan sukses.
2026-05-25 13:11:44,846 [INFO] SMCBot.MT5: ✅ MetaTrader 5 terhubung dengan sukses.
2026-05-25 13:11:44,861 [INFO] SMCBot.MT5: ✅ MetaTrader 5 terhubung dengan sukses.
2026-05-25 13:12:01,192 [INFO] SMCBot.MT5: ✅ MetaTrader 5 terhubung dengan sukses.
2026-05-25 13:12:01,205 [INFO] SMCBot.MT5: ✅ MetaTrader 5 terhubung dengan sukses.
2026-05-25 13:12:01,215 [INFO] SMCBot.MT5: ✅ MetaTrader 5 terhubung dengan sukses.
2026-05-25 13:12:02,970 [INFO] SMCBot.MT5: ✅ MetaTrader 5 terhubung dengan sukses.
2026-05-25 13:12:02,970 [INFO] SMCBot.LiveTrader: ℹ️ Ada 1 posisi bot sedang berjalan di MT5. Menunggu posisi ditutup...
2026-05-25 13:12:17,987 [INFO] SMCBot.MT5: ✅ MetaTrader 5 terhubung dengan sukses.
2026-05-25 13:12:17,996 [INFO] SMCBot.MT5: ✅ MetaTrader 5 terhubung dengan sukses.
2026-05-25 13:12:18,011 [INFO] SMCBot.MT5: ✅ MetaTrader 5 terhubung dengan sukses.
2026-05-25 13:12:34,483 [INFO] SMCBot.MT5: ✅ MetaTrader 5 terhubung dengan sukses.
2026-05-25 13:12:34,495 [INFO] SMCBot.MT5: ✅ MetaTrader 5 terhubung dengan sukses.
2026-05-25 13:12:34,510 [INFO] SMCBot.MT5: ✅ MetaTrader 5 terhubung dengan sukses.
2026-05-25 13:12:51,197 [INFO] SMCBot.MT5: ✅ MetaTrader 5 terhubung dengan sukses.
2026-05-25 13:12:51,211 [INFO] SMCBot.MT5: ✅ MetaTrader 5 terhubung dengan sukses.
2026-05-25 13:12:51,226 [INFO] SMCBot.MT5: ✅ MetaTrader 5 terhubung dengan sukses.
2026-05-25 13:13:07,593 [INFO] SMCBot.MT5: ✅ MetaTrader 5 terhubung dengan sukses.
2026-05-25 13:13:07,608 [INFO] SMCBot.MT5: ✅ MetaTrader 5 terhubung dengan sukses.
2026-05-25 13:13:07,621 [INFO] SMCBot.MT5: ✅ MetaTrader 5 terhubung dengan sukses.
2026-05-25 13:13:09,707 [INFO] SMCBot.MT5: ✅ MetaTrader 5 terhubung dengan sukses.
2026-05-25 13:13:09,708 [INFO] SMCBot.LiveTrader: ℹ️ Ada 1 posisi bot sedang berjalan di MT5. Menunggu posisi ditutup...
2026-05-25 13:13:24,724 [INFO] SMCBot.MT5: ✅ MetaTrader 5 terhubung dengan sukses.
2026-05-25 13:13:24,734 [INFO] SMCBot.MT5: ✅ MetaTrader 5 terhubung dengan sukses.
2026-05-25 13:13:24,745 [INFO] SMCBot.MT5: ✅ MetaTrader 5 terhubung dengan sukses.
2026-05-25 13:13:42,095 [INFO] SMCBot.MT5: ✅ MetaTrader 5 terhubung dengan sukses.
2026-05-25 13:13:42,110 [INFO] SMCBot.MT5: ✅ MetaTrader 5 terhubung dengan sukses.
2026-05-25 13:13:42,124 [INFO] SMCBot.MT5: ✅ MetaTrader 5 terhubung dengan sukses.
2026-05-25 13:13:58,813 [INFO] SMCBot.MT5: ✅ MetaTrader 5 terhubung dengan sukses.
2026-05-25 13:13:58,828 [INFO] SMCBot.MT5: ✅ MetaTrader 5 terhubung dengan sukses.
2026-05-25 13:13:58,842 [INFO] SMCBot.MT5: ✅ MetaTrader 5 terhubung dengan sukses.
2026-05-25 13:14:00,602 [INFO] SMCBot.MT5: ✅ MetaTrader 5 terhubung dengan sukses.
2026-05-25 13:14:00,603 [INFO] SMCBot.LiveTrader: ℹ️ Ada 1 posisi bot sedang berjalan di MT5. Menunggu posisi ditutup...
2026-05-25 13:14:15,617 [INFO] SMCBot.MT5: ✅ MetaTrader 5 terhubung dengan sukses.
2026-05-25 13:14:15,630 [INFO] SMCBot.MT5: ✅ MetaTrader 5 terhubung dengan sukses.
2026-05-25 13:14:15,641 [INFO] SMCBot.MT5: ✅ MetaTrader 5 terhubung dengan sukses.
2026-05-25 13:14:32,480 [INFO] SMCBot.MT5: ✅ MetaTrader 5 terhubung dengan sukses.
2026-05-25 13:14:32,493 [INFO] SMCBot.MT5: ✅ MetaTrader 5 terhubung dengan sukses.
2026-05-25 13:14:32,505 [INFO] SMCBot.MT5: ✅ MetaTrader 5 terhubung dengan sukses.
2026-05-25 13:14:49,235 [INFO] SMCBot.MT5: ✅ MetaTrader 5 terhubung dengan sukses.
2026-05-25 13:14:49,247 [INFO] SMCBot.MT5: ✅ MetaTrader 5 terhubung dengan sukses.
2026-05-25 13:14:49,256 [INFO] SMCBot.MT5: ✅ MetaTrader 5 terhubung dengan sukses.
2026-05-25 13:15:05,772 [INFO] SMCBot.MT5: ✅ MetaTrader 5 terhubung dengan sukses.
2026-05-25 13:15:05,785 [INFO] SMCBot.MT5: ✅ MetaTrader 5 terhubung dengan sukses.
2026-05-25 13:15:05,793 [INFO] SMCBot.MT5: ✅ MetaTrader 5 terhubung dengan sukses.
2026-05-25 13:15:07,451 [INFO] SMCBot.MT5: ✅ MetaTrader 5 terhubung dengan sukses.
2026-05-25 13:15:07,451 [INFO] SMCBot.LiveTrader: ℹ️ Ada 1 posisi bot sedang berjalan di MT5. Menunggu posisi ditutup...
2026-05-25 13:15:22,465 [INFO] SMCBot.MT5: ✅ MetaTrader 5 terhubung dengan sukses.
2026-05-25 13:15:22,476 [INFO] SMCBot.MT5: ✅ MetaTrader 5 terhubung dengan sukses.
2026-05-25 13:15:22,485 [INFO] SMCBot.MT5: ✅ MetaTrader 5 terhubung dengan sukses.
2026-05-25 13:15:39,209 [INFO] SMCBot.MT5: ✅ MetaTrader 5 terhubung dengan sukses.
2026-05-25 13:15:39,222 [INFO] SMCBot.MT5: ✅ MetaTrader 5 terhubung dengan sukses.
2026-05-25 13:15:39,236 [INFO] SMCBot.MT5: ✅ MetaTrader 5 terhubung dengan sukses.
2026-05-25 13:15:55,649 [INFO] SMCBot.MT5: ✅ MetaTrader 5 terhubung dengan sukses.
2026-05-25 13:15:55,657 [INFO] SMCBot.MT5: ✅ MetaTrader 5 terhubung dengan sukses.
2026-05-25 13:15:55,668 [INFO] SMCBot.MT5: ✅ MetaTrader 5 terhubung dengan sukses.
2026-05-25 13:16:12,125 [INFO] SMCBot.MT5: ✅ MetaTrader 5 terhubung dengan sukses.
2026-05-25 13:16:12,142 [INFO] SMCBot.MT5: ✅ MetaTrader 5 terhubung dengan sukses.
2026-05-25 13:16:12,155 [INFO] SMCBot.MT5: ✅ MetaTrader 5 terhubung dengan sukses.
2026-05-25 13:16:13,821 [INFO] SMCBot.MT5: ✅ MetaTrader 5 terhubung dengan sukses.
2026-05-25 13:16:13,821 [INFO] SMCBot.LiveTrader: ℹ️ Ada 1 posisi bot sedang berjalan di MT5. Menunggu posisi ditutup...
2026-05-25 13:16:28,837 [INFO] SMCBot.MT5: ✅ MetaTrader 5 terhubung dengan sukses.
2026-05-25 13:16:28,854 [INFO] SMCBot.MT5: ✅ MetaTrader 5 terhubung dengan sukses.
2026-05-25 13:16:28,863 [INFO] SMCBot.MT5: ✅ MetaTrader 5 terhubung dengan sukses.
2026-05-25 13:16:45,229 [INFO] SMCBot.MT5: ✅ MetaTrader 5 terhubung dengan sukses.
2026-05-25 13:16:45,242 [INFO] SMCBot.MT5: ✅ MetaTrader 5 terhubung dengan sukses.
2026-05-25 13:16:45,251 [INFO] SMCBot.MT5: ✅ MetaTrader 5 terhubung dengan sukses.
2026-05-25 13:17:01,908 [INFO] SMCBot.MT5: ✅ MetaTrader 5 terhubung dengan sukses.
2026-05-25 13:17:01,928 [INFO] SMCBot.MT5: ✅ MetaTrader 5 terhubung dengan sukses.
2026-05-25 13:17:01,939 [INFO] SMCBot.MT5: ✅ MetaTrader 5 terhubung dengan sukses.
2026-05-25 13:17:03,572 [INFO] SMCBot.MT5: ✅ MetaTrader 5 terhubung dengan sukses.
2026-05-25 13:17:03,573 [INFO] SMCBot.LiveTrader: ℹ️ Ada 1 posisi bot sedang berjalan di MT5. Menunggu posisi ditutup...
2026-05-25 13:17:18,589 [INFO] SMCBot.MT5: ✅ MetaTrader 5 terhubung dengan sukses.
2026-05-25 13:17:18,608 [INFO] SMCBot.MT5: ✅ MetaTrader 5 terhubung dengan sukses.
2026-05-25 13:17:18,621 [INFO] SMCBot.MT5: ✅ MetaTrader 5 terhubung dengan sukses.
2026-05-25 13:17:35,365 [INFO] SMCBot.MT5: ✅ MetaTrader 5 terhubung dengan sukses.
2026-05-25 13:17:35,378 [INFO] SMCBot.MT5: ✅ MetaTrader 5 terhubung dengan sukses.
2026-05-25 13:17:35,390 [INFO] SMCBot.MT5: ✅ MetaTrader 5 terhubung dengan sukses.
2026-05-25 13:17:51,569 [INFO] SMCBot.MT5: ✅ MetaTrader 5 terhubung dengan sukses.
2026-05-25 13:17:51,580 [INFO] SMCBot.MT5: ✅ MetaTrader 5 terhubung dengan sukses.
2026-05-25 13:17:51,588 [INFO] SMCBot.MT5: ✅ MetaTrader 5 terhubung dengan sukses.
2026-05-25 13:18:07,669 [INFO] SMCBot.MT5: ✅ MetaTrader 5 terhubung dengan sukses.
2026-05-25 13:18:07,682 [INFO] SMCBot.MT5: ✅ MetaTrader 5 terhubung dengan sukses.
2026-05-25 13:18:07,692 [INFO] SMCBot.MT5: ✅ MetaTrader 5 terhubung dengan sukses.
2026-05-25 13:18:09,366 [INFO] SMCBot.MT5: ✅ MetaTrader 5 terhubung dengan sukses.
2026-05-25 13:18:09,367 [INFO] SMCBot.LiveTrader: ℹ️ Ada 1 posisi bot sedang berjalan di MT5. Menunggu posisi ditutup...
2026-05-25 13:18:24,380 [INFO] SMCBot.MT5: ✅ MetaTrader 5 terhubung dengan sukses.
2026-05-25 13:18:24,392 [INFO] SMCBot.MT5: ✅ MetaTrader 5 terhubung dengan sukses.
2026-05-25 13:18:24,405 [INFO] SMCBot.MT5: ✅ MetaTrader 5 terhubung dengan sukses.
2026-05-25 13:18:41,137 [INFO] SMCBot.MT5: ✅ MetaTrader 5 terhubung dengan sukses.
2026-05-25 13:18:41,150 [INFO] SMCBot.MT5: ✅ MetaTrader 5 terhubung dengan sukses.
2026-05-25 13:18:41,163 [INFO] SMCBot.MT5: ✅ MetaTrader 5 terhubung dengan sukses.
2026-05-25 13:18:57,905 [INFO] SMCBot.MT5: ✅ MetaTrader 5 terhubung dengan sukses.
2026-05-25 13:18:57,920 [INFO] SMCBot.MT5: ✅ MetaTrader 5 terhubung dengan sukses.
2026-05-25 13:18:57,936 [INFO] SMCBot.MT5: ✅ MetaTrader 5 terhubung dengan sukses.
2026-05-25 13:19:14,012 [INFO] SMCBot.MT5: ✅ MetaTrader 5 terhubung dengan sukses.
2026-05-25 13:19:14,025 [INFO] SMCBot.MT5: ✅ MetaTrader 5 terhubung dengan sukses.
2026-05-25 13:19:14,027 [INFO] SMCBot.LiveTrader: 🔍 Mendeteksi tiket #19715384016 telah ditutup. Mengambil detail history...
2026-05-25 13:19:14,029 [WARNING] SMCBot.LiveTrader: Deal OUT untuk tiket posisi #19715384016 belum tercatat di history broker.
2026-05-25 13:19:14,042 [INFO] SMCBot.MT5: ✅ MetaTrader 5 terhubung dengan sukses.
2026-05-25 13:19:15,890 [INFO] SMCBot.MT5: ✅ MetaTrader 5 terhubung dengan sukses.
2026-05-25 13:19:30,917 [INFO] SMCBot.MT5: ✅ MetaTrader 5 terhubung dengan sukses.
2026-05-25 13:19:30,950 [INFO] SMCBot.MT5: ✅ MetaTrader 5 terhubung dengan sukses.
2026-05-25 13:19:30,988 [INFO] SMCBot.LiveTrader: 🔍 Mendeteksi tiket #19715384016 telah ditutup. Mengambil detail history...
2026-05-25 13:19:31,005 [WARNING] SMCBot.LiveTrader: Deal OUT untuk tiket posisi #19715384016 belum tercatat di history broker.
2026-05-25 13:19:31,155 [INFO] SMCBot.MT5: ✅ MetaTrader 5 terhubung dengan sukses.
2026-05-25 13:19:48,142 [INFO] SMCBot.MT5: ✅ MetaTrader 5 terhubung dengan sukses.
2026-05-25 13:19:48,158 [INFO] SMCBot.MT5: ✅ MetaTrader 5 terhubung dengan sukses.
2026-05-25 13:19:48,158 [INFO] SMCBot.LiveTrader: 🔍 Mendeteksi tiket #19715384016 telah ditutup. Mengambil detail history...
2026-05-25 13:19:48,159 [WARNING] SMCBot.LiveTrader: Deal OUT untuk tiket posisi #19715384016 belum tercatat di history broker.
2026-05-25 13:19:48,174 [INFO] SMCBot.MT5: ✅ MetaTrader 5 terhubung dengan sukses.
2026-05-25 13:20:04,963 [INFO] SMCBot.MT5: ✅ MetaTrader 5 terhubung dengan sukses.
2026-05-25 13:20:04,979 [INFO] SMCBot.MT5: ✅ MetaTrader 5 terhubung dengan sukses.
2026-05-25 13:20:04,980 [INFO] SMCBot.LiveTrader: 🔍 Mendeteksi tiket #19715384016 telah ditutup. Mengambil detail history...
2026-05-25 13:20:04,980 [WARNING] SMCBot.LiveTrader: Deal OUT untuk tiket posisi #19715384016 belum tercatat di history broker.
2026-05-25 13:20:04,993 [INFO] SMCBot.MT5: ✅ MetaTrader 5 terhubung dengan sukses.
2026-05-25 13:20:07,619 [INFO] SMCBot.MT5: ✅ MetaTrader 5 terhubung dengan sukses.
2026-05-25 13:20:22,634 [INFO] SMCBot.MT5: ✅ MetaTrader 5 terhubung dengan sukses.
2026-05-25 13:20:22,643 [INFO] SMCBot.MT5: ✅ MetaTrader 5 terhubung dengan sukses.
2026-05-25 13:20:22,648 [INFO] SMCBot.LiveTrader: 🔍 Mendeteksi tiket #19715384016 telah ditutup. Mengambil detail history...
2026-05-25 13:20:22,648 [WARNING] SMCBot.LiveTrader: Deal OUT untuk tiket posisi #19715384016 belum tercatat di history broker.
2026-05-25 13:20:22,656 [INFO] SMCBot.MT5: ✅ MetaTrader 5 terhubung dengan sukses.
2026-05-25 13:20:39,324 [INFO] SMCBot.MT5: ✅ MetaTrader 5 terhubung dengan sukses.
2026-05-25 13:20:39,339 [INFO] SMCBot.MT5: ✅ MetaTrader 5 terhubung dengan sukses.
2026-05-25 13:20:39,339 [INFO] SMCBot.LiveTrader: 🔍 Mendeteksi tiket #19715384016 telah ditutup. Mengambil detail history...
2026-05-25 13:20:39,340 [WARNING] SMCBot.LiveTrader: Deal OUT untuk tiket posisi #19715384016 belum tercatat di history broker.
2026-05-25 13:20:39,353 [INFO] SMCBot.MT5: ✅ MetaTrader 5 terhubung dengan sukses.
2026-05-25 13:20:55,458 [INFO] SMCBot.MT5: ✅ MetaTrader 5 terhubung dengan sukses.
2026-05-25 13:20:55,469 [INFO] SMCBot.MT5: ✅ MetaTrader 5 terhubung dengan sukses.
2026-05-25 13:20:55,469 [INFO] SMCBot.LiveTrader: 🔍 Mendeteksi tiket #19715384016 telah ditutup. Mengambil detail history...
2026-05-25 13:20:55,469 [WARNING] SMCBot.LiveTrader: Deal OUT untuk tiket posisi #19715384016 belum tercatat di history broker.
2026-05-25 13:20:55,479 [INFO] SMCBot.MT5: ✅ MetaTrader 5 terhubung dengan sukses.
2026-05-25 13:21:11,906 [INFO] SMCBot.MT5: ✅ MetaTrader 5 terhubung dengan sukses.
2026-05-25 13:21:11,918 [INFO] SMCBot.MT5: ✅ MetaTrader 5 terhubung dengan sukses.
2026-05-25 13:21:11,919 [INFO] SMCBot.LiveTrader: 🔍 Mendeteksi tiket #19715384016 telah ditutup. Mengambil detail history...
2026-05-25 13:21:11,919 [WARNING] SMCBot.LiveTrader: Deal OUT untuk tiket posisi #19715384016 belum tercatat di history broker.
2026-05-25 13:21:11,931 [INFO] SMCBot.MT5: ✅ MetaTrader 5 terhubung dengan sukses.
2026-05-25 13:21:13,700 [INFO] SMCBot.MT5: ✅ MetaTrader 5 terhubung dengan sukses.
2026-05-25 13:21:28,716 [INFO] SMCBot.MT5: ✅ MetaTrader 5 terhubung dengan sukses.
2026-05-25 13:21:28,730 [INFO] SMCBot.MT5: ✅ MetaTrader 5 terhubung dengan sukses.
2026-05-25 13:21:28,730 [INFO] SMCBot.LiveTrader: 🔍 Mendeteksi tiket #19715384016 telah ditutup. Mengambil detail history...
2026-05-25 13:21:28,731 [WARNING] SMCBot.LiveTrader: Deal OUT untuk tiket posisi #19715384016 belum tercatat di history broker.
2026-05-25 13:21:28,746 [INFO] SMCBot.MT5: ✅ MetaTrader 5 terhubung dengan sukses.
2026-05-25 13:21:46,561 [INFO] SMCBot.MT5: ✅ MetaTrader 5 terhubung dengan sukses.
2026-05-25 13:21:46,571 [INFO] SMCBot.MT5: ✅ MetaTrader 5 terhubung dengan sukses.
2026-05-25 13:21:46,571 [INFO] SMCBot.LiveTrader: 🔍 Mendeteksi tiket #19715384016 telah ditutup. Mengambil detail history...
2026-05-25 13:21:46,572 [WARNING] SMCBot.LiveTrader: Deal OUT untuk tiket posisi #19715384016 belum tercatat di history broker.
2026-05-25 13:21:46,585 [INFO] SMCBot.MT5: ✅ MetaTrader 5 terhubung dengan sukses.
2026-05-25 13:22:03,175 [INFO] SMCBot.MT5: ✅ MetaTrader 5 terhubung dengan sukses.
2026-05-25 13:22:03,189 [INFO] SMCBot.MT5: ✅ MetaTrader 5 terhubung dengan sukses.
2026-05-25 13:22:03,189 [INFO] SMCBot.LiveTrader: 🔍 Mendeteksi tiket #19715384016 telah ditutup. Mengambil detail history...
2026-05-25 13:22:03,189 [WARNING] SMCBot.LiveTrader: Deal OUT untuk tiket posisi #19715384016 belum tercatat di history broker.
2026-05-25 13:22:03,199 [INFO] SMCBot.MT5: ✅ MetaTrader 5 terhubung dengan sukses.
2026-05-25 13:22:04,808 [INFO] SMCBot.MT5: ✅ MetaTrader 5 terhubung dengan sukses.
2026-05-25 13:22:19,819 [INFO] SMCBot.MT5: ✅ MetaTrader 5 terhubung dengan sukses.
2026-05-25 13:22:19,828 [INFO] SMCBot.MT5: ✅ MetaTrader 5 terhubung dengan sukses.
2026-05-25 13:22:19,828 [INFO] SMCBot.LiveTrader: 🔍 Mendeteksi tiket #19715384016 telah ditutup. Mengambil detail history...
2026-05-25 13:22:19,829 [WARNING] SMCBot.LiveTrader: Deal OUT untuk tiket posisi #19715384016 belum tercatat di history broker.
2026-05-25 13:22:19,838 [INFO] SMCBot.MT5: ✅ MetaTrader 5 terhubung dengan sukses.
2026-05-25 13:22:36,329 [INFO] SMCBot.MT5: ✅ MetaTrader 5 terhubung dengan sukses.
2026-05-25 13:22:36,347 [INFO] SMCBot.MT5: ✅ MetaTrader 5 terhubung dengan sukses.
2026-05-25 13:22:36,347 [INFO] SMCBot.LiveTrader: 🔍 Mendeteksi tiket #19715384016 telah ditutup. Mengambil detail history...
2026-05-25 13:22:36,348 [WARNING] SMCBot.LiveTrader: Deal OUT untuk tiket posisi #19715384016 belum tercatat di history broker.
2026-05-25 13:22:36,363 [INFO] SMCBot.MT5: ✅ MetaTrader 5 terhubung dengan sukses.
2026-05-25 13:22:52,957 [INFO] SMCBot.MT5: ✅ MetaTrader 5 terhubung dengan sukses.
2026-05-25 13:22:52,971 [INFO] SMCBot.MT5: ✅ MetaTrader 5 terhubung dengan sukses.
2026-05-25 13:22:52,972 [INFO] SMCBot.LiveTrader: 🔍 Mendeteksi tiket #19715384016 telah ditutup. Mengambil detail history...
2026-05-25 13:22:52,972 [WARNING] SMCBot.LiveTrader: Deal OUT untuk tiket posisi #19715384016 belum tercatat di history broker.
2026-05-25 13:22:52,986 [INFO] SMCBot.MT5: ✅ MetaTrader 5 terhubung dengan sukses.
2026-05-25 13:23:09,527 [INFO] SMCBot.MT5: ✅ MetaTrader 5 terhubung dengan sukses.
2026-05-25 13:23:09,541 [INFO] SMCBot.MT5: ✅ MetaTrader 5 terhubung dengan sukses.
2026-05-25 13:23:09,541 [INFO] SMCBot.LiveTrader: 🔍 Mendeteksi tiket #19715384016 telah ditutup. Mengambil detail history...
2026-05-25 13:23:09,542 [WARNING] SMCBot.LiveTrader: Deal OUT untuk tiket posisi #19715384016 belum tercatat di history broker.
2026-05-25 13:23:09,558 [INFO] SMCBot.MT5: ✅ MetaTrader 5 terhubung dengan sukses.
2026-05-25 13:23:11,289 [INFO] SMCBot.MT5: ✅ MetaTrader 5 terhubung dengan sukses.
2026-05-25 13:23:26,304 [INFO] SMCBot.MT5: ✅ MetaTrader 5 terhubung dengan sukses.
2026-05-25 13:23:26,319 [INFO] SMCBot.MT5: ✅ MetaTrader 5 terhubung dengan sukses.
2026-05-25 13:23:26,320 [INFO] SMCBot.LiveTrader: 🔍 Mendeteksi tiket #19715384016 telah ditutup. Mengambil detail history...
2026-05-25 13:23:26,320 [WARNING] SMCBot.LiveTrader: Deal OUT untuk tiket posisi #19715384016 belum tercatat di history broker.
2026-05-25 13:23:26,331 [INFO] SMCBot.MT5: ✅ MetaTrader 5 terhubung dengan sukses.
2026-05-25 13:23:42,827 [INFO] SMCBot.MT5: ✅ MetaTrader 5 terhubung dengan sukses.
2026-05-25 13:23:42,840 [INFO] SMCBot.MT5: ✅ MetaTrader 5 terhubung dengan sukses.
2026-05-25 13:23:42,840 [INFO] SMCBot.LiveTrader: 🔍 Mendeteksi tiket #19715384016 telah ditutup. Mengambil detail history...
2026-05-25 13:23:42,841 [WARNING] SMCBot.LiveTrader: Deal OUT untuk tiket posisi #19715384016 belum tercatat di history broker.
2026-05-25 13:23:42,853 [INFO] SMCBot.MT5: ✅ MetaTrader 5 terhubung dengan sukses.
2026-05-25 13:23:59,015 [INFO] SMCBot.MT5: ✅ MetaTrader 5 terhubung dengan sukses.
2026-05-25 13:23:59,026 [INFO] SMCBot.MT5: ✅ MetaTrader 5 terhubung dengan sukses.
2026-05-25 13:23:59,027 [INFO] SMCBot.LiveTrader: 🔍 Mendeteksi tiket #19715384016 telah ditutup. Mengambil detail history...
2026-05-25 13:23:59,028 [WARNING] SMCBot.LiveTrader: Deal OUT untuk tiket posisi #19715384016 belum tercatat di history broker.
2026-05-25 13:23:59,035 [INFO] SMCBot.MT5: ✅ MetaTrader 5 terhubung dengan sukses.
2026-05-25 13:24:00,537 [INFO] SMCBot.MT5: ✅ MetaTrader 5 terhubung dengan sukses.
2026-05-25 13:24:15,550 [INFO] SMCBot.MT5: ✅ MetaTrader 5 terhubung dengan sukses.
2026-05-25 13:24:15,564 [INFO] SMCBot.MT5: ✅ MetaTrader 5 terhubung dengan sukses.
2026-05-25 13:24:15,564 [INFO] SMCBot.LiveTrader: 🔍 Mendeteksi tiket #19715384016 telah ditutup. Mengambil detail history...
2026-05-25 13:24:15,565 [WARNING] SMCBot.LiveTrader: Deal OUT untuk tiket posisi #19715384016 belum tercatat di history broker.
2026-05-25 13:24:15,580 [INFO] SMCBot.MT5: ✅ MetaTrader 5 terhubung dengan sukses.
2026-05-25 13:24:31,869 [INFO] SMCBot.MT5: ✅ MetaTrader 5 terhubung dengan sukses.
2026-05-25 13:24:31,883 [INFO] SMCBot.MT5: ✅ MetaTrader 5 terhubung dengan sukses.
2026-05-25 13:24:31,884 [INFO] SMCBot.LiveTrader: 🔍 Mendeteksi tiket #19715384016 telah ditutup. Mengambil detail history...
2026-05-25 13:24:31,884 [WARNING] SMCBot.LiveTrader: Deal OUT untuk tiket posisi #19715384016 belum tercatat di history broker.
2026-05-25 13:24:31,896 [INFO] SMCBot.MT5: ✅ MetaTrader 5 terhubung dengan sukses.
2026-05-25 13:24:48,103 [INFO] SMCBot.MT5: ✅ MetaTrader 5 terhubung dengan sukses.
2026-05-25 13:24:48,113 [INFO] SMCBot.MT5: ✅ MetaTrader 5 terhubung dengan sukses.
2026-05-25 13:24:48,114 [INFO] SMCBot.LiveTrader: 🔍 Mendeteksi tiket #19715384016 telah ditutup. Mengambil detail history...
2026-05-25 13:24:48,114 [WARNING] SMCBot.LiveTrader: Deal OUT untuk tiket posisi #19715384016 belum tercatat di history broker.
2026-05-25 13:24:48,126 [INFO] SMCBot.MT5: ✅ MetaTrader 5 terhubung dengan sukses.
2026-05-25 13:25:04,506 [INFO] SMCBot.MT5: ✅ MetaTrader 5 terhubung dengan sukses.
2026-05-25 13:25:04,519 [INFO] SMCBot.MT5: ✅ MetaTrader 5 terhubung dengan sukses.
2026-05-25 13:25:04,519 [INFO] SMCBot.LiveTrader: 🔍 Mendeteksi tiket #19715384016 telah ditutup. Mengambil detail history...
2026-05-25 13:25:04,519 [WARNING] SMCBot.LiveTrader: Deal OUT untuk tiket posisi #19715384016 belum tercatat di history broker.
2026-05-25 13:25:04,532 [INFO] SMCBot.MT5: ✅ MetaTrader 5 terhubung dengan sukses.
2026-05-25 13:25:06,159 [INFO] SMCBot.MT5: ✅ MetaTrader 5 terhubung dengan sukses.
2026-05-25 13:25:21,174 [INFO] SMCBot.MT5: ✅ MetaTrader 5 terhubung dengan sukses.
2026-05-25 13:25:21,187 [INFO] SMCBot.MT5: ✅ MetaTrader 5 terhubung dengan sukses.
2026-05-25 13:25:21,187 [INFO] SMCBot.LiveTrader: 🔍 Mendeteksi tiket #19715384016 telah ditutup. Mengambil detail history...
2026-05-25 13:25:21,188 [WARNING] SMCBot.LiveTrader: Deal OUT untuk tiket posisi #19715384016 belum tercatat di history broker.
2026-05-25 13:25:21,199 [INFO] SMCBot.MT5: ✅ MetaTrader 5 terhubung dengan sukses.
2026-05-25 13:25:37,133 [INFO] SMCBot.MT5: ✅ MetaTrader 5 terhubung dengan sukses.
2026-05-25 13:25:37,142 [INFO] SMCBot.MT5: ✅ MetaTrader 5 terhubung dengan sukses.
2026-05-25 13:25:37,142 [INFO] SMCBot.LiveTrader: 🔍 Mendeteksi tiket #19715384016 telah ditutup. Mengambil detail history...
2026-05-25 13:25:37,142 [WARNING] SMCBot.LiveTrader: Deal OUT untuk tiket posisi #19715384016 belum tercatat di history broker.
2026-05-25 13:25:37,158 [INFO] SMCBot.MT5: ✅ MetaTrader 5 terhubung dengan sukses.
2026-05-25 13:25:53,659 [INFO] SMCBot.MT5: ✅ MetaTrader 5 terhubung dengan sukses.
2026-05-25 13:25:53,668 [INFO] SMCBot.MT5: ✅ MetaTrader 5 terhubung dengan sukses.
2026-05-25 13:25:53,668 [INFO] SMCBot.LiveTrader: 🔍 Mendeteksi tiket #19715384016 telah ditutup. Mengambil detail history...
2026-05-25 13:25:53,672 [WARNING] SMCBot.LiveTrader: Deal OUT untuk tiket posisi #19715384016 belum tercatat di history broker.
2026-05-25 13:25:53,681 [INFO] SMCBot.MT5: ✅ MetaTrader 5 terhubung dengan sukses.
2026-05-25 13:26:09,930 [INFO] SMCBot.MT5: ✅ MetaTrader 5 terhubung dengan sukses.
2026-05-25 13:26:09,942 [INFO] SMCBot.MT5: ✅ MetaTrader 5 terhubung dengan sukses.
2026-05-25 13:26:09,942 [INFO] SMCBot.LiveTrader: 🔍 Mendeteksi tiket #19715384016 telah ditutup. Mengambil detail history...
2026-05-25 13:26:09,943 [WARNING] SMCBot.LiveTrader: Deal OUT untuk tiket posisi #19715384016 belum tercatat di history broker.
2026-05-25 13:26:09,959 [INFO] SMCBot.MT5: ✅ MetaTrader 5 terhubung dengan sukses.
2026-05-25 13:26:11,397 [INFO] SMCBot.MT5: ✅ MetaTrader 5 terhubung dengan sukses.
2026-05-25 13:26:26,414 [INFO] SMCBot.MT5: ✅ MetaTrader 5 terhubung dengan sukses.
2026-05-25 13:26:26,424 [INFO] SMCBot.MT5: ✅ MetaTrader 5 terhubung dengan sukses.
2026-05-25 13:26:26,424 [INFO] SMCBot.LiveTrader: 🔍 Mendeteksi tiket #19715384016 telah ditutup. Mengambil detail history...
2026-05-25 13:26:26,424 [WARNING] SMCBot.LiveTrader: Deal OUT untuk tiket posisi #19715384016 belum tercatat di history broker.
2026-05-25 13:26:26,440 [INFO] SMCBot.MT5: ✅ MetaTrader 5 terhubung dengan sukses.
2026-05-25 13:26:43,067 [INFO] SMCBot.MT5: ✅ MetaTrader 5 terhubung dengan sukses.
2026-05-25 13:26:43,085 [INFO] SMCBot.MT5: ✅ MetaTrader 5 terhubung dengan sukses.
2026-05-25 13:26:43,086 [INFO] SMCBot.LiveTrader: 🔍 Mendeteksi tiket #19715384016 telah ditutup. Mengambil detail history...
2026-05-25 13:26:43,086 [WARNING] SMCBot.LiveTrader: Deal OUT untuk tiket posisi #19715384016 belum tercatat di history broker.
2026-05-25 13:26:43,097 [INFO] SMCBot.MT5: ✅ MetaTrader 5 terhubung dengan sukses.
2026-05-25 13:26:59,542 [INFO] SMCBot.MT5: ✅ MetaTrader 5 terhubung dengan sukses.
2026-05-25 13:26:59,553 [INFO] SMCBot.MT5: ✅ MetaTrader 5 terhubung dengan sukses.
2026-05-25 13:26:59,554 [INFO] SMCBot.LiveTrader: 🔍 Mendeteksi tiket #19715384016 telah ditutup. Mengambil detail history...
2026-05-25 13:26:59,554 [WARNING] SMCBot.LiveTrader: Deal OUT untuk tiket posisi #19715384016 belum tercatat di history broker.
2026-05-25 13:26:59,562 [INFO] SMCBot.MT5: ✅ MetaTrader 5 terhubung dengan sukses.
2026-05-25 13:27:01,702 [INFO] SMCBot.MT5: ✅ MetaTrader 5 terhubung dengan sukses.
2026-05-25 13:27:16,720 [INFO] SMCBot.MT5: ✅ MetaTrader 5 terhubung dengan sukses.
2026-05-25 13:27:16,734 [INFO] SMCBot.MT5: ✅ MetaTrader 5 terhubung dengan sukses.
2026-05-25 13:27:16,735 [INFO] SMCBot.LiveTrader: 🔍 Mendeteksi tiket #19715384016 telah ditutup. Mengambil detail history...
2026-05-25 13:27:16,735 [WARNING] SMCBot.LiveTrader: Deal OUT untuk tiket posisi #19715384016 belum tercatat di history broker.
2026-05-25 13:27:16,749 [INFO] SMCBot.MT5: ✅ MetaTrader 5 terhubung dengan sukses.
2026-05-25 13:27:33,810 [INFO] SMCBot.MT5: ✅ MetaTrader 5 terhubung dengan sukses.
2026-05-25 13:27:33,822 [INFO] SMCBot.MT5: ✅ MetaTrader 5 terhubung dengan sukses.
2026-05-25 13:27:33,823 [INFO] SMCBot.LiveTrader: 🔍 Mendeteksi tiket #19715384016 telah ditutup. Mengambil detail history...
2026-05-25 13:27:33,823 [WARNING] SMCBot.LiveTrader: Deal OUT untuk tiket posisi #19715384016 belum tercatat di history broker.
2026-05-25 13:27:33,835 [INFO] SMCBot.MT5: ✅ MetaTrader 5 terhubung dengan sukses.
2026-05-25 13:27:50,853 [INFO] SMCBot.MT5: ✅ MetaTrader 5 terhubung dengan sukses.
2026-05-25 13:27:50,873 [INFO] SMCBot.MT5: ✅ MetaTrader 5 terhubung dengan sukses.
2026-05-25 13:27:50,873 [INFO] SMCBot.LiveTrader: 🔍 Mendeteksi tiket #19715384016 telah ditutup. Mengambil detail history...
2026-05-25 13:27:50,874 [WARNING] SMCBot.LiveTrader: Deal OUT untuk tiket posisi #19715384016 belum tercatat di history broker.
2026-05-25 13:27:50,885 [INFO] SMCBot.MT5: ✅ MetaTrader 5 terhubung dengan sukses.
2026-05-25 13:28:07,606 [INFO] SMCBot.MT5: ✅ MetaTrader 5 terhubung dengan sukses.
2026-05-25 13:28:07,621 [INFO] SMCBot.MT5: ✅ MetaTrader 5 terhubung dengan sukses.
2026-05-25 13:28:07,622 [INFO] SMCBot.LiveTrader: 🔍 Mendeteksi tiket #19715384016 telah ditutup. Mengambil detail history...
2026-05-25 13:28:07,623 [WARNING] SMCBot.LiveTrader: Deal OUT untuk tiket posisi #19715384016 belum tercatat di history broker.
2026-05-25 13:28:07,639 [INFO] SMCBot.MT5: ✅ MetaTrader 5 terhubung dengan sukses.
2026-05-25 13:28:09,238 [INFO] SMCBot.MT5: ✅ MetaTrader 5 terhubung dengan sukses.
2026-05-25 13:28:24,254 [INFO] SMCBot.MT5: ✅ MetaTrader 5 terhubung dengan sukses.
2026-05-25 13:28:24,264 [INFO] SMCBot.MT5: ✅ MetaTrader 5 terhubung dengan sukses.
2026-05-25 13:28:24,265 [INFO] SMCBot.LiveTrader: 🔍 Mendeteksi tiket #19715384016 telah ditutup. Mengambil detail history...
2026-05-25 13:28:24,265 [WARNING] SMCBot.LiveTrader: Deal OUT untuk tiket posisi #19715384016 belum tercatat di history broker.
2026-05-25 13:28:24,280 [INFO] SMCBot.MT5: ✅ MetaTrader 5 terhubung dengan sukses.
2026-05-25 13:28:40,683 [INFO] SMCBot.MT5: ✅ MetaTrader 5 terhubung dengan sukses.
2026-05-25 13:28:40,698 [INFO] SMCBot.MT5: ✅ MetaTrader 5 terhubung dengan sukses.
2026-05-25 13:28:40,698 [INFO] SMCBot.LiveTrader: 🔍 Mendeteksi tiket #19715384016 telah ditutup. Mengambil detail history...
2026-05-25 13:28:40,699 [WARNING] SMCBot.LiveTrader: Deal OUT untuk tiket posisi #19715384016 belum tercatat di history broker.
2026-05-25 13:28:40,713 [INFO] SMCBot.MT5: ✅ MetaTrader 5 terhubung dengan sukses.
2026-05-25 13:28:57,723 [INFO] SMCBot.MT5: ✅ MetaTrader 5 terhubung dengan sukses.
2026-05-25 13:28:57,738 [INFO] SMCBot.MT5: ✅ MetaTrader 5 terhubung dengan sukses.
2026-05-25 13:28:57,739 [INFO] SMCBot.LiveTrader: 🔍 Mendeteksi tiket #19715384016 telah ditutup. Mengambil detail history...
2026-05-25 13:28:57,739 [WARNING] SMCBot.LiveTrader: Deal OUT untuk tiket posisi #19715384016 belum tercatat di history broker.
2026-05-25 13:28:57,749 [INFO] SMCBot.MT5: ✅ MetaTrader 5 terhubung dengan sukses.
2026-05-25 13:29:14,192 [INFO] SMCBot.MT5: ✅ MetaTrader 5 terhubung dengan sukses.
2026-05-25 13:29:14,208 [INFO] SMCBot.MT5: ✅ MetaTrader 5 terhubung dengan sukses.
2026-05-25 13:29:14,208 [INFO] SMCBot.LiveTrader: 🔍 Mendeteksi tiket #19715384016 telah ditutup. Mengambil detail history...
2026-05-25 13:29:14,208 [WARNING] SMCBot.LiveTrader: Deal OUT untuk tiket posisi #19715384016 belum tercatat di history broker.
2026-05-25 13:29:14,224 [INFO] SMCBot.MT5: ✅ MetaTrader 5 terhubung dengan sukses.
2026-05-25 13:29:15,855 [INFO] SMCBot.MT5: ✅ MetaTrader 5 terhubung dengan sukses.
2026-05-25 13:29:30,871 [INFO] SMCBot.MT5: ✅ MetaTrader 5 terhubung dengan sukses.
2026-05-25 13:29:30,888 [INFO] SMCBot.MT5: ✅ MetaTrader 5 terhubung dengan sukses.
2026-05-25 13:29:30,888 [INFO] SMCBot.LiveTrader: 🔍 Mendeteksi tiket #19715384016 telah ditutup. Mengambil detail history...
2026-05-25 13:29:30,889 [WARNING] SMCBot.LiveTrader: Deal OUT untuk tiket posisi #19715384016 belum tercatat di history broker.
2026-05-25 13:29:30,904 [INFO] SMCBot.MT5: ✅ MetaTrader 5 terhubung dengan sukses.
2026-05-25 13:29:47,415 [INFO] SMCBot.MT5: ✅ MetaTrader 5 terhubung dengan sukses.
2026-05-25 13:29:47,428 [INFO] SMCBot.MT5: ✅ MetaTrader 5 terhubung dengan sukses.
2026-05-25 13:29:47,429 [INFO] SMCBot.LiveTrader: 🔍 Mendeteksi tiket #19715384016 telah ditutup. Mengambil detail history...
2026-05-25 13:29:47,433 [WARNING] SMCBot.LiveTrader: Deal OUT untuk tiket posisi #19715384016 belum tercatat di history broker.
2026-05-25 13:29:47,449 [INFO] SMCBot.MT5: ✅ MetaTrader 5 terhubung dengan sukses.
2026-05-25 13:30:04,092 [INFO] SMCBot.MT5: ✅ MetaTrader 5 terhubung dengan sukses.
2026-05-25 13:30:04,107 [INFO] SMCBot.MT5: ✅ MetaTrader 5 terhubung dengan sukses.
2026-05-25 13:30:04,107 [INFO] SMCBot.LiveTrader: 🔍 Mendeteksi tiket #19715384016 telah ditutup. Mengambil detail history...
2026-05-25 13:30:04,108 [WARNING] SMCBot.LiveTrader: Deal OUT untuk tiket posisi #19715384016 belum tercatat di history broker.
2026-05-25 13:30:04,124 [INFO] SMCBot.MT5: ✅ MetaTrader 5 terhubung dengan sukses.
2026-05-25 13:30:05,499 [INFO] SMCBot.MT5: ✅ MetaTrader 5 terhubung dengan sukses.
2026-05-25 13:30:20,516 [INFO] SMCBot.MT5: ✅ MetaTrader 5 terhubung dengan sukses.
2026-05-25 13:30:20,531 [INFO] SMCBot.MT5: ✅ MetaTrader 5 terhubung dengan sukses.
2026-05-25 13:30:20,532 [INFO] SMCBot.LiveTrader: 🔍 Mendeteksi tiket #19715384016 telah ditutup. Mengambil detail history...
2026-05-25 13:30:20,532 [WARNING] SMCBot.LiveTrader: Deal OUT untuk tiket posisi #19715384016 belum tercatat di history broker.
2026-05-25 13:30:20,546 [INFO] SMCBot.MT5: ✅ MetaTrader 5 terhubung dengan sukses.
2026-05-25 13:30:36,733 [INFO] SMCBot.MT5: ✅ MetaTrader 5 terhubung dengan sukses.
2026-05-25 13:30:36,748 [INFO] SMCBot.MT5: ✅ MetaTrader 5 terhubung dengan sukses.
2026-05-25 13:30:36,749 [INFO] SMCBot.LiveTrader: 🔍 Mendeteksi tiket #19715384016 telah ditutup. Mengambil detail history...
2026-05-25 13:30:36,749 [WARNING] SMCBot.LiveTrader: Deal OUT untuk tiket posisi #19715384016 belum tercatat di history broker.
2026-05-25 13:30:36,763 [INFO] SMCBot.MT5: ✅ MetaTrader 5 terhubung dengan sukses.
2026-05-25 13:30:53,288 [INFO] SMCBot.MT5: ✅ MetaTrader 5 terhubung dengan sukses.
2026-05-25 13:30:53,305 [INFO] SMCBot.MT5: ✅ MetaTrader 5 terhubung dengan sukses.
2026-05-25 13:30:53,305 [INFO] SMCBot.LiveTrader: 🔍 Mendeteksi tiket #19715384016 telah ditutup. Mengambil detail history...
2026-05-25 13:30:53,306 [WARNING] SMCBot.LiveTrader: Deal OUT untuk tiket posisi #19715384016 belum tercatat di history broker.
2026-05-25 13:30:53,320 [INFO] SMCBot.MT5: ✅ MetaTrader 5 terhubung dengan sukses.
2026-05-25 13:31:09,932 [INFO] SMCBot.MT5: ✅ MetaTrader 5 terhubung dengan sukses.
2026-05-25 13:31:09,952 [INFO] SMCBot.MT5: ✅ MetaTrader 5 terhubung dengan sukses.
2026-05-25 13:31:09,952 [INFO] SMCBot.LiveTrader: 🔍 Mendeteksi tiket #19715384016 telah ditutup. Mengambil detail history...
2026-05-25 13:31:09,954 [WARNING] SMCBot.LiveTrader: Deal OUT untuk tiket posisi #19715384016 belum tercatat di history broker.
2026-05-25 13:31:09,972 [INFO] SMCBot.MT5: ✅ MetaTrader 5 terhubung dengan sukses.
2026-05-25 13:31:11,937 [INFO] SMCBot.MT5: ✅ MetaTrader 5 terhubung dengan sukses.
2026-05-25 13:31:26,948 [INFO] SMCBot.MT5: ✅ MetaTrader 5 terhubung dengan sukses.
2026-05-25 13:31:26,961 [INFO] SMCBot.MT5: ✅ MetaTrader 5 terhubung dengan sukses.
2026-05-25 13:31:26,962 [INFO] SMCBot.LiveTrader: 🔍 Mendeteksi tiket #19715384016 telah ditutup. Mengambil detail history...
2026-05-25 13:31:26,962 [WARNING] SMCBot.LiveTrader: Deal OUT untuk tiket posisi #19715384016 belum tercatat di history broker.
2026-05-25 13:31:26,971 [INFO] SMCBot.MT5: ✅ MetaTrader 5 terhubung dengan sukses.
2026-05-25 13:31:43,580 [INFO] SMCBot.MT5: ✅ MetaTrader 5 terhubung dengan sukses.
2026-05-25 13:31:43,589 [INFO] SMCBot.MT5: ✅ MetaTrader 5 terhubung dengan sukses.
2026-05-25 13:31:43,590 [INFO] SMCBot.LiveTrader: 🔍 Mendeteksi tiket #19715384016 telah ditutup. Mengambil detail history...
2026-05-25 13:31:43,590 [WARNING] SMCBot.LiveTrader: Deal OUT untuk tiket posisi #19715384016 belum tercatat di history broker.
2026-05-25 13:31:43,600 [INFO] SMCBot.MT5: ✅ MetaTrader 5 terhubung dengan sukses.
2026-05-25 13:32:00,116 [INFO] SMCBot.MT5: ✅ MetaTrader 5 terhubung dengan sukses.
2026-05-25 13:32:00,130 [INFO] SMCBot.MT5: ✅ MetaTrader 5 terhubung dengan sukses.
2026-05-25 13:32:00,131 [INFO] SMCBot.LiveTrader: 🔍 Mendeteksi tiket #19715384016 telah ditutup. Mengambil detail history...
2026-05-25 13:32:00,131 [WARNING] SMCBot.LiveTrader: Deal OUT untuk tiket posisi #19715384016 belum tercatat di history broker.
2026-05-25 13:32:00,140 [INFO] SMCBot.MT5: ✅ MetaTrader 5 terhubung dengan sukses.
2026-05-25 13:32:06,304 [INFO] SMCBot.MT5: ✅ MetaTrader 5 terhubung dengan sukses.
2026-05-25 13:32:21,323 [INFO] SMCBot.MT5: ✅ MetaTrader 5 terhubung dengan sukses.
2026-05-25 13:32:21,340 [INFO] SMCBot.MT5: ✅ MetaTrader 5 terhubung dengan sukses.
2026-05-25 13:32:21,340 [INFO] SMCBot.LiveTrader: 🔍 Mendeteksi tiket #19715384016 telah ditutup. Mengambil detail history...
2026-05-25 13:32:21,340 [WARNING] SMCBot.LiveTrader: Deal OUT untuk tiket posisi #19715384016 belum tercatat di history broker.
2026-05-25 13:32:21,357 [INFO] SMCBot.MT5: ✅ MetaTrader 5 terhubung dengan sukses.
2026-05-25 13:32:37,679 [INFO] SMCBot.MT5: ✅ MetaTrader 5 terhubung dengan sukses.
2026-05-25 13:32:37,694 [INFO] SMCBot.MT5: ✅ MetaTrader 5 terhubung dengan sukses.
2026-05-25 13:32:37,694 [INFO] SMCBot.LiveTrader: 🔍 Mendeteksi tiket #19715384016 telah ditutup. Mengambil detail history...
2026-05-25 13:32:37,695 [WARNING] SMCBot.LiveTrader: Deal OUT untuk tiket posisi #19715384016 belum tercatat di history broker.
2026-05-25 13:32:37,707 [INFO] SMCBot.MT5: ✅ MetaTrader 5 terhubung dengan sukses.
2026-05-25 13:32:54,698 [INFO] SMCBot.MT5: ✅ MetaTrader 5 terhubung dengan sukses.
2026-05-25 13:32:54,712 [INFO] SMCBot.MT5: ✅ MetaTrader 5 terhubung dengan sukses.
2026-05-25 13:32:54,713 [INFO] SMCBot.LiveTrader: 🔍 Mendeteksi tiket #19715384016 telah ditutup. Mengambil detail history...
2026-05-25 13:32:54,713 [WARNING] SMCBot.LiveTrader: Deal OUT untuk tiket posisi #19715384016 belum tercatat di history broker.
2026-05-25 13:32:54,725 [INFO] SMCBot.MT5: ✅ MetaTrader 5 terhubung dengan sukses.
2026-05-25 13:33:11,175 [INFO] SMCBot.MT5: ✅ MetaTrader 5 terhubung dengan sukses.
2026-05-25 13:33:11,184 [INFO] SMCBot.MT5: ✅ MetaTrader 5 terhubung dengan sukses.
2026-05-25 13:33:11,185 [INFO] SMCBot.LiveTrader: 🔍 Mendeteksi tiket #19715384016 telah ditutup. Mengambil detail history...
2026-05-25 13:33:11,185 [WARNING] SMCBot.LiveTrader: Deal OUT untuk tiket posisi #19715384016 belum tercatat di history broker.
2026-05-25 13:33:11,192 [INFO] SMCBot.MT5: ✅ MetaTrader 5 terhubung dengan sukses.
2026-05-25 13:33:13,871 [INFO] SMCBot.MT5: ✅ MetaTrader 5 terhubung dengan sukses.
2026-05-25 13:33:28,888 [INFO] SMCBot.MT5: ✅ MetaTrader 5 terhubung dengan sukses.
2026-05-25 13:33:28,902 [INFO] SMCBot.MT5: ✅ MetaTrader 5 terhubung dengan sukses.
2026-05-25 13:33:28,902 [INFO] SMCBot.LiveTrader: 🔍 Mendeteksi tiket #19715384016 telah ditutup. Mengambil detail history...
2026-05-25 13:33:28,902 [WARNING] SMCBot.LiveTrader: Deal OUT untuk tiket posisi #19715384016 belum tercatat di history broker.
2026-05-25 13:33:28,913 [INFO] SMCBot.MT5: ✅ MetaTrader 5 terhubung dengan sukses.
2026-05-25 13:33:45,672 [INFO] SMCBot.MT5: ✅ MetaTrader 5 terhubung dengan sukses.
2026-05-25 13:33:45,685 [INFO] SMCBot.MT5: ✅ MetaTrader 5 terhubung dengan sukses.
2026-05-25 13:33:45,686 [INFO] SMCBot.LiveTrader: 🔍 Mendeteksi tiket #19715384016 telah ditutup. Mengambil detail history...
2026-05-25 13:33:45,686 [WARNING] SMCBot.LiveTrader: Deal OUT untuk tiket posisi #19715384016 belum tercatat di history broker.
2026-05-25 13:33:45,701 [INFO] SMCBot.MT5: ✅ MetaTrader 5 terhubung dengan sukses.
2026-05-25 13:34:02,315 [INFO] SMCBot.MT5: ✅ MetaTrader 5 terhubung dengan sukses.
2026-05-25 13:34:02,332 [INFO] SMCBot.MT5: ✅ MetaTrader 5 terhubung dengan sukses.
2026-05-25 13:34:02,333 [INFO] SMCBot.LiveTrader: 🔍 Mendeteksi tiket #19715384016 telah ditutup. Mengambil detail history...
2026-05-25 13:34:02,333 [WARNING] SMCBot.LiveTrader: Deal OUT untuk tiket posisi #19715384016 belum tercatat di history broker.
2026-05-25 13:34:02,342 [INFO] SMCBot.MT5: ✅ MetaTrader 5 terhubung dengan sukses.
2026-05-25 13:34:04,011 [INFO] SMCBot.MT5: ✅ MetaTrader 5 terhubung dengan sukses.
2026-05-25 13:34:19,028 [INFO] SMCBot.MT5: ✅ MetaTrader 5 terhubung dengan sukses.
2026-05-25 13:34:19,039 [INFO] SMCBot.MT5: ✅ MetaTrader 5 terhubung dengan sukses.
2026-05-25 13:34:19,039 [INFO] SMCBot.LiveTrader: 🔍 Mendeteksi tiket #19715384016 telah ditutup. Mengambil detail history...
2026-05-25 13:34:19,039 [WARNING] SMCBot.LiveTrader: Deal OUT untuk tiket posisi #19715384016 belum tercatat di history broker.
2026-05-25 13:34:19,046 [INFO] SMCBot.MT5: ✅ MetaTrader 5 terhubung dengan sukses.
2026-05-25 13:34:35,519 [INFO] SMCBot.MT5: ✅ MetaTrader 5 terhubung dengan sukses.
2026-05-25 13:34:35,531 [INFO] SMCBot.MT5: ✅ MetaTrader 5 terhubung dengan sukses.
2026-05-25 13:34:35,532 [INFO] SMCBot.LiveTrader: 🔍 Mendeteksi tiket #19715384016 telah ditutup. Mengambil detail history...
2026-05-25 13:34:35,533 [WARNING] SMCBot.LiveTrader: Deal OUT untuk tiket posisi #19715384016 belum tercatat di history broker.
2026-05-25 13:34:35,546 [INFO] SMCBot.MT5: ✅ MetaTrader 5 terhubung dengan sukses.
2026-05-25 13:34:52,106 [INFO] SMCBot.MT5: ✅ MetaTrader 5 terhubung dengan sukses.
2026-05-25 13:34:52,122 [INFO] SMCBot.MT5: ✅ MetaTrader 5 terhubung dengan sukses.
2026-05-25 13:34:52,123 [INFO] SMCBot.LiveTrader: 🔍 Mendeteksi tiket #19715384016 telah ditutup. Mengambil detail history...
2026-05-25 13:34:52,123 [WARNING] SMCBot.LiveTrader: Deal OUT untuk tiket posisi #19715384016 belum tercatat di history broker.
2026-05-25 13:34:52,140 [INFO] SMCBot.MT5: ✅ MetaTrader 5 terhubung dengan sukses.
2026-05-25 13:35:08,734 [INFO] SMCBot.MT5: ✅ MetaTrader 5 terhubung dengan sukses.
2026-05-25 13:35:08,747 [INFO] SMCBot.MT5: ✅ MetaTrader 5 terhubung dengan sukses.
2026-05-25 13:35:08,747 [INFO] SMCBot.LiveTrader: 🔍 Mendeteksi tiket #19715384016 telah ditutup. Mengambil detail history...
2026-05-25 13:35:08,748 [WARNING] SMCBot.LiveTrader: Deal OUT untuk tiket posisi #19715384016 belum tercatat di history broker.
2026-05-25 13:35:08,758 [INFO] SMCBot.MT5: ✅ MetaTrader 5 terhubung dengan sukses.
2026-05-25 13:35:10,377 [INFO] SMCBot.MT5: ✅ MetaTrader 5 terhubung dengan sukses.
2026-05-25 13:35:25,391 [INFO] SMCBot.MT5: ✅ MetaTrader 5 terhubung dengan sukses.
2026-05-25 13:35:25,405 [INFO] SMCBot.MT5: ✅ MetaTrader 5 terhubung dengan sukses.
2026-05-25 13:35:25,405 [INFO] SMCBot.LiveTrader: 🔍 Mendeteksi tiket #19715384016 telah ditutup. Mengambil detail history...
2026-05-25 13:35:25,406 [WARNING] SMCBot.LiveTrader: Deal OUT untuk tiket posisi #19715384016 belum tercatat di history broker.
2026-05-25 13:35:25,417 [INFO] SMCBot.MT5: ✅ MetaTrader 5 terhubung dengan sukses.
2026-05-25 13:35:42,058 [INFO] SMCBot.MT5: ✅ MetaTrader 5 terhubung dengan sukses.
2026-05-25 13:35:42,071 [INFO] SMCBot.MT5: ✅ MetaTrader 5 terhubung dengan sukses.
2026-05-25 13:35:42,071 [INFO] SMCBot.LiveTrader: 🔍 Mendeteksi tiket #19715384016 telah ditutup. Mengambil detail history...
2026-05-25 13:35:42,072 [WARNING] SMCBot.LiveTrader: Deal OUT untuk tiket posisi #19715384016 belum tercatat di history broker.
2026-05-25 13:35:42,081 [INFO] SMCBot.MT5: ✅ MetaTrader 5 terhubung dengan sukses.
2026-05-25 13:35:58,267 [INFO] SMCBot.MT5: ✅ MetaTrader 5 terhubung dengan sukses.
2026-05-25 13:35:58,281 [INFO] SMCBot.MT5: ✅ MetaTrader 5 terhubung dengan sukses.
2026-05-25 13:35:58,281 [INFO] SMCBot.LiveTrader: 🔍 Mendeteksi tiket #19715384016 telah ditutup. Mengambil detail history...
2026-05-25 13:35:58,281 [WARNING] SMCBot.LiveTrader: Deal OUT untuk tiket posisi #19715384016 belum tercatat di history broker.
2026-05-25 13:35:58,294 [INFO] SMCBot.MT5: ✅ MetaTrader 5 terhubung dengan sukses.
2026-05-25 13:36:00,786 [INFO] SMCBot.MT5: ✅ MetaTrader 5 terhubung dengan sukses.
2026-05-25 13:36:15,801 [INFO] SMCBot.MT5: ✅ MetaTrader 5 terhubung dengan sukses.
2026-05-25 13:36:15,817 [INFO] SMCBot.MT5: ✅ MetaTrader 5 terhubung dengan sukses.
2026-05-25 13:36:15,818 [INFO] SMCBot.LiveTrader: 🔍 Mendeteksi tiket #19715384016 telah ditutup. Mengambil detail history...
2026-05-25 13:36:15,819 [WARNING] SMCBot.LiveTrader: Deal OUT untuk tiket posisi #19715384016 belum tercatat di history broker.
2026-05-25 13:36:15,834 [INFO] SMCBot.MT5: ✅ MetaTrader 5 terhubung dengan sukses.
2026-05-25 13:36:32,262 [INFO] SMCBot.MT5: ✅ MetaTrader 5 terhubung dengan sukses.
2026-05-25 13:36:32,272 [INFO] SMCBot.MT5: ✅ MetaTrader 5 terhubung dengan sukses.
2026-05-25 13:36:32,272 [INFO] SMCBot.LiveTrader: 🔍 Mendeteksi tiket #19715384016 telah ditutup. Mengambil detail history...
2026-05-25 13:36:32,273 [WARNING] SMCBot.LiveTrader: Deal OUT untuk tiket posisi #19715384016 belum tercatat di history broker.
2026-05-25 13:36:32,283 [INFO] SMCBot.MT5: ✅ MetaTrader 5 terhubung dengan sukses.
2026-05-25 13:36:49,034 [INFO] SMCBot.MT5: ✅ MetaTrader 5 terhubung dengan sukses.
2026-05-25 13:36:49,045 [INFO] SMCBot.MT5: ✅ MetaTrader 5 terhubung dengan sukses.
2026-05-25 13:36:49,045 [INFO] SMCBot.LiveTrader: 🔍 Mendeteksi tiket #19715384016 telah ditutup. Mengambil detail history...
2026-05-25 13:36:49,046 [WARNING] SMCBot.LiveTrader: Deal OUT untuk tiket posisi #19715384016 belum tercatat di history broker.
2026-05-25 13:36:49,058 [INFO] SMCBot.MT5: ✅ MetaTrader 5 terhubung dengan sukses.
2026-05-25 13:37:05,976 [INFO] SMCBot.MT5: ✅ MetaTrader 5 terhubung dengan sukses.
2026-05-25 13:37:05,986 [INFO] SMCBot.MT5: ✅ MetaTrader 5 terhubung dengan sukses.
2026-05-25 13:37:05,987 [INFO] SMCBot.LiveTrader: 🔍 Mendeteksi tiket #19715384016 telah ditutup. Mengambil detail history...
2026-05-25 13:37:05,988 [WARNING] SMCBot.LiveTrader: Deal OUT untuk tiket posisi #19715384016 belum tercatat di history broker.
2026-05-25 13:37:06,002 [INFO] SMCBot.MT5: ✅ MetaTrader 5 terhubung dengan sukses.
2026-05-25 13:37:07,656 [INFO] SMCBot.MT5: ✅ MetaTrader 5 terhubung dengan sukses.
2026-05-25 13:37:22,671 [INFO] SMCBot.MT5: ✅ MetaTrader 5 terhubung dengan sukses.
2026-05-25 13:37:22,685 [INFO] SMCBot.MT5: ✅ MetaTrader 5 terhubung dengan sukses.
2026-05-25 13:37:22,685 [INFO] SMCBot.LiveTrader: 🔍 Mendeteksi tiket #19715384016 telah ditutup. Mengambil detail history...
2026-05-25 13:37:22,686 [WARNING] SMCBot.LiveTrader: Deal OUT untuk tiket posisi #19715384016 belum tercatat di history broker.
2026-05-25 13:37:22,696 [INFO] SMCBot.MT5: ✅ MetaTrader 5 terhubung dengan sukses.
2026-05-25 13:37:39,716 [INFO] SMCBot.MT5: ✅ MetaTrader 5 terhubung dengan sukses.
2026-05-25 13:37:39,730 [INFO] SMCBot.MT5: ✅ MetaTrader 5 terhubung dengan sukses.
2026-05-25 13:37:39,731 [INFO] SMCBot.LiveTrader: 🔍 Mendeteksi tiket #19715384016 telah ditutup. Mengambil detail history...
2026-05-25 13:37:39,731 [WARNING] SMCBot.LiveTrader: Deal OUT untuk tiket posisi #19715384016 belum tercatat di history broker.
2026-05-25 13:37:39,745 [INFO] SMCBot.MT5: ✅ MetaTrader 5 terhubung dengan sukses.
2026-05-25 13:37:56,664 [INFO] SMCBot.MT5: ✅ MetaTrader 5 terhubung dengan sukses.
2026-05-25 13:37:56,680 [INFO] SMCBot.MT5: ✅ MetaTrader 5 terhubung dengan sukses.
2026-05-25 13:37:56,680 [INFO] SMCBot.LiveTrader: 🔍 Mendeteksi tiket #19715384016 telah ditutup. Mengambil detail history...
2026-05-25 13:37:56,681 [WARNING] SMCBot.LiveTrader: Deal OUT untuk tiket posisi #19715384016 belum tercatat di history broker.
2026-05-25 13:37:56,696 [INFO] SMCBot.MT5: ✅ MetaTrader 5 terhubung dengan sukses.
2026-05-25 13:38:14,170 [INFO] SMCBot.MT5: ✅ MetaTrader 5 terhubung dengan sukses.
2026-05-25 13:38:14,185 [INFO] SMCBot.MT5: ✅ MetaTrader 5 terhubung dengan sukses.
2026-05-25 13:38:14,186 [INFO] SMCBot.LiveTrader: 🔍 Mendeteksi tiket #19715384016 telah ditutup. Mengambil detail history...
2026-05-25 13:38:14,186 [WARNING] SMCBot.LiveTrader: Deal OUT untuk tiket posisi #19715384016 belum tercatat di history broker.
2026-05-25 13:38:14,197 [INFO] SMCBot.MT5: ✅ MetaTrader 5 terhubung dengan sukses.
2026-05-25 13:38:16,070 [INFO] SMCBot.MT5: ✅ MetaTrader 5 terhubung dengan sukses.
2026-05-25 13:38:31,085 [INFO] SMCBot.MT5: ✅ MetaTrader 5 terhubung dengan sukses.
2026-05-25 13:38:31,096 [INFO] SMCBot.MT5: ✅ MetaTrader 5 terhubung dengan sukses.
2026-05-25 13:38:31,097 [INFO] SMCBot.LiveTrader: 🔍 Mendeteksi tiket #19715384016 telah ditutup. Mengambil detail history...
2026-05-25 13:38:31,097 [WARNING] SMCBot.LiveTrader: Deal OUT untuk tiket posisi #19715384016 belum tercatat di history broker.
2026-05-25 13:38:31,112 [INFO] SMCBot.MT5: ✅ MetaTrader 5 terhubung dengan sukses.
2026-05-25 13:38:47,673 [INFO] SMCBot.MT5: ✅ MetaTrader 5 terhubung dengan sukses.
2026-05-25 13:38:47,689 [INFO] SMCBot.MT5: ✅ MetaTrader 5 terhubung dengan sukses.
2026-05-25 13:38:47,690 [INFO] SMCBot.LiveTrader: 🔍 Mendeteksi tiket #19715384016 telah ditutup. Mengambil detail history...
2026-05-25 13:38:47,690 [WARNING] SMCBot.LiveTrader: Deal OUT untuk tiket posisi #19715384016 belum tercatat di history broker.
2026-05-25 13:38:47,706 [INFO] SMCBot.MT5: ✅ MetaTrader 5 terhubung dengan sukses.
2026-05-25 13:39:04,357 [INFO] SMCBot.MT5: ✅ MetaTrader 5 terhubung dengan sukses.
2026-05-25 13:39:04,374 [INFO] SMCBot.MT5: ✅ MetaTrader 5 terhubung dengan sukses.
2026-05-25 13:39:04,374 [INFO] SMCBot.LiveTrader: 🔍 Mendeteksi tiket #19715384016 telah ditutup. Mengambil detail history...
2026-05-25 13:39:04,375 [WARNING] SMCBot.LiveTrader: Deal OUT untuk tiket posisi #19715384016 belum tercatat di history broker.
2026-05-25 13:39:04,389 [INFO] SMCBot.MT5: ✅ MetaTrader 5 terhubung dengan sukses.
2026-05-25 13:39:06,147 [INFO] SMCBot.MT5: ✅ MetaTrader 5 terhubung dengan sukses.
2026-05-25 13:39:21,163 [INFO] SMCBot.MT5: ✅ MetaTrader 5 terhubung dengan sukses.
2026-05-25 13:39:21,174 [INFO] SMCBot.MT5: ✅ MetaTrader 5 terhubung dengan sukses.
2026-05-25 13:39:21,175 [INFO] SMCBot.LiveTrader: 🔍 Mendeteksi tiket #19715384016 telah ditutup. Mengambil detail history...
2026-05-25 13:39:21,175 [WARNING] SMCBot.LiveTrader: Deal OUT untuk tiket posisi #19715384016 belum tercatat di history broker.
2026-05-25 13:39:21,192 [INFO] SMCBot.MT5: ✅ MetaTrader 5 terhubung dengan sukses.
2026-05-25 13:39:37,748 [INFO] SMCBot.MT5: ✅ MetaTrader 5 terhubung dengan sukses.
2026-05-25 13:39:37,756 [INFO] SMCBot.MT5: ✅ MetaTrader 5 terhubung dengan sukses.
2026-05-25 13:39:37,756 [INFO] SMCBot.LiveTrader: 🔍 Mendeteksi tiket #19715384016 telah ditutup. Mengambil detail history...
2026-05-25 13:39:37,757 [WARNING] SMCBot.LiveTrader: Deal OUT untuk tiket posisi #19715384016 belum tercatat di history broker.
2026-05-25 13:39:37,764 [INFO] SMCBot.MT5: ✅ MetaTrader 5 terhubung dengan sukses.
2026-05-25 13:39:54,405 [INFO] SMCBot.MT5: ✅ MetaTrader 5 terhubung dengan sukses.
2026-05-25 13:39:54,413 [INFO] SMCBot.MT5: ✅ MetaTrader 5 terhubung dengan sukses.
2026-05-25 13:39:54,414 [INFO] SMCBot.LiveTrader: 🔍 Mendeteksi tiket #19715384016 telah ditutup. Mengambil detail history...
2026-05-25 13:39:54,414 [WARNING] SMCBot.LiveTrader: Deal OUT untuk tiket posisi #19715384016 belum tercatat di history broker.
2026-05-25 13:39:54,422 [INFO] SMCBot.MT5: ✅ MetaTrader 5 terhubung dengan sukses.
2026-05-25 13:40:11,031 [INFO] SMCBot.MT5: ✅ MetaTrader 5 terhubung dengan sukses.
2026-05-25 13:40:11,044 [INFO] SMCBot.MT5: ✅ MetaTrader 5 terhubung dengan sukses.
2026-05-25 13:40:11,044 [INFO] SMCBot.LiveTrader: 🔍 Mendeteksi tiket #19715384016 telah ditutup. Mengambil detail history...
2026-05-25 13:40:11,044 [WARNING] SMCBot.LiveTrader: Deal OUT untuk tiket posisi #19715384016 belum tercatat di history broker.
2026-05-25 13:40:11,060 [INFO] SMCBot.MT5: ✅ MetaTrader 5 terhubung dengan sukses.
2026-05-25 13:40:12,813 [INFO] SMCBot.MT5: ✅ MetaTrader 5 terhubung dengan sukses.
2026-05-25 13:40:27,825 [INFO] SMCBot.MT5: ✅ MetaTrader 5 terhubung dengan sukses.
2026-05-25 13:40:27,838 [INFO] SMCBot.MT5: ✅ MetaTrader 5 terhubung dengan sukses.
2026-05-25 13:40:27,838 [INFO] SMCBot.LiveTrader: 🔍 Mendeteksi tiket #19715384016 telah ditutup. Mengambil detail history...
2026-05-25 13:40:27,838 [WARNING] SMCBot.LiveTrader: Deal OUT untuk tiket posisi #19715384016 belum tercatat di history broker.
2026-05-25 13:40:27,848 [INFO] SMCBot.MT5: ✅ MetaTrader 5 terhubung dengan sukses.
2026-05-25 13:40:44,096 [INFO] SMCBot.MT5: ✅ MetaTrader 5 terhubung dengan sukses.
2026-05-25 13:40:44,105 [INFO] SMCBot.MT5: ✅ MetaTrader 5 terhubung dengan sukses.
2026-05-25 13:40:44,105 [INFO] SMCBot.LiveTrader: 🔍 Mendeteksi tiket #19715384016 telah ditutup. Mengambil detail history...
2026-05-25 13:40:44,105 [WARNING] SMCBot.LiveTrader: Deal OUT untuk tiket posisi #19715384016 belum tercatat di history broker.
2026-05-25 13:40:44,113 [INFO] SMCBot.MT5: ✅ MetaTrader 5 terhubung dengan sukses.
2026-05-25 13:41:00,080 [INFO] SMCBot.MT5: ✅ MetaTrader 5 terhubung dengan sukses.
2026-05-25 13:41:00,092 [INFO] SMCBot.MT5: ✅ MetaTrader 5 terhubung dengan sukses.
2026-05-25 13:41:00,093 [INFO] SMCBot.LiveTrader: 🔍 Mendeteksi tiket #19715384016 telah ditutup. Mengambil detail history...
2026-05-25 13:41:00,093 [WARNING] SMCBot.LiveTrader: Deal OUT untuk tiket posisi #19715384016 belum tercatat di history broker.
2026-05-25 13:41:00,108 [INFO] SMCBot.MT5: ✅ MetaTrader 5 terhubung dengan sukses.
2026-05-25 13:41:01,968 [INFO] SMCBot.MT5: ✅ MetaTrader 5 terhubung dengan sukses.
2026-05-25 13:41:16,979 [INFO] SMCBot.MT5: ✅ MetaTrader 5 terhubung dengan sukses.
2026-05-25 13:41:16,992 [INFO] SMCBot.MT5: ✅ MetaTrader 5 terhubung dengan sukses.
2026-05-25 13:41:16,993 [INFO] SMCBot.LiveTrader: 🔍 Mendeteksi tiket #19715384016 telah ditutup. Mengambil detail history...
2026-05-25 13:41:16,993 [WARNING] SMCBot.LiveTrader: Deal OUT untuk tiket posisi #19715384016 belum tercatat di history broker.
2026-05-25 13:41:17,007 [INFO] SMCBot.MT5: ✅ MetaTrader 5 terhubung dengan sukses.
2026-05-25 13:41:33,497 [INFO] SMCBot.MT5: ✅ MetaTrader 5 terhubung dengan sukses.
2026-05-25 13:41:33,511 [INFO] SMCBot.MT5: ✅ MetaTrader 5 terhubung dengan sukses.
2026-05-25 13:41:33,512 [INFO] SMCBot.LiveTrader: 🔍 Mendeteksi tiket #19715384016 telah ditutup. Mengambil detail history...
2026-05-25 13:41:33,512 [WARNING] SMCBot.LiveTrader: Deal OUT untuk tiket posisi #19715384016 belum tercatat di history broker.
2026-05-25 13:41:33,524 [INFO] SMCBot.MT5: ✅ MetaTrader 5 terhubung dengan sukses.
2026-05-25 13:41:50,110 [INFO] SMCBot.MT5: ✅ MetaTrader 5 terhubung dengan sukses.
2026-05-25 13:41:50,122 [INFO] SMCBot.MT5: ✅ MetaTrader 5 terhubung dengan sukses.
2026-05-25 13:41:50,123 [INFO] SMCBot.LiveTrader: 🔍 Mendeteksi tiket #19715384016 telah ditutup. Mengambil detail history...
2026-05-25 13:41:50,123 [WARNING] SMCBot.LiveTrader: Deal OUT untuk tiket posisi #19715384016 belum tercatat di history broker.
2026-05-25 13:41:50,130 [INFO] SMCBot.MT5: ✅ MetaTrader 5 terhubung dengan sukses.
2026-05-25 13:42:06,725 [INFO] SMCBot.MT5: ✅ MetaTrader 5 terhubung dengan sukses.
2026-05-25 13:42:06,739 [INFO] SMCBot.MT5: ✅ MetaTrader 5 terhubung dengan sukses.
2026-05-25 13:42:06,740 [INFO] SMCBot.LiveTrader: 🔍 Mendeteksi tiket #19715384016 telah ditutup. Mengambil detail history...
2026-05-25 13:42:06,740 [WARNING] SMCBot.LiveTrader: Deal OUT untuk tiket posisi #19715384016 belum tercatat di history broker.
2026-05-25 13:42:06,753 [INFO] SMCBot.MT5: ✅ MetaTrader 5 terhubung dengan sukses.
2026-05-25 13:42:08,380 [INFO] SMCBot.MT5: ✅ MetaTrader 5 terhubung dengan sukses.
2026-05-25 13:42:23,393 [INFO] SMCBot.MT5: ✅ MetaTrader 5 terhubung dengan sukses.
2026-05-25 13:42:23,405 [INFO] SMCBot.MT5: ✅ MetaTrader 5 terhubung dengan sukses.
2026-05-25 13:42:23,406 [INFO] SMCBot.LiveTrader: 🔍 Mendeteksi tiket #19715384016 telah ditutup. Mengambil detail history...
2026-05-25 13:42:23,406 [WARNING] SMCBot.LiveTrader: Deal OUT untuk tiket posisi #19715384016 belum tercatat di history broker.
2026-05-25 13:42:23,423 [INFO] SMCBot.MT5: ✅ MetaTrader 5 terhubung dengan sukses.
2026-05-25 13:42:28,456 [INFO] SMCBot.LiveTrader: Pesan Telegram diterima: '/status'
2026-05-25 13:42:28,471 [INFO] SMCBot.MT5: ✅ MetaTrader 5 terhubung dengan sukses.
2026-05-25 13:42:39,964 [INFO] SMCBot.MT5: ✅ MetaTrader 5 terhubung dengan sukses.
2026-05-25 13:42:39,979 [INFO] SMCBot.MT5: ✅ MetaTrader 5 terhubung dengan sukses.
2026-05-25 13:42:39,979 [INFO] SMCBot.LiveTrader: 🔍 Mendeteksi tiket #19715384016 telah ditutup. Mengambil detail history...
2026-05-25 13:42:39,979 [WARNING] SMCBot.LiveTrader: Deal OUT untuk tiket posisi #19715384016 belum tercatat di history broker.
2026-05-25 13:42:39,994 [INFO] SMCBot.MT5: ✅ MetaTrader 5 terhubung dengan sukses.
2026-05-25 13:42:56,438 [INFO] SMCBot.MT5: ✅ MetaTrader 5 terhubung dengan sukses.
2026-05-25 13:42:56,453 [INFO] SMCBot.MT5: ✅ MetaTrader 5 terhubung dengan sukses.
2026-05-25 13:42:56,453 [INFO] SMCBot.LiveTrader: 🔍 Mendeteksi tiket #19715384016 telah ditutup. Mengambil detail history...
2026-05-25 13:42:56,454 [WARNING] SMCBot.LiveTrader: Deal OUT untuk tiket posisi #19715384016 belum tercatat di history broker.
2026-05-25 13:42:56,468 [INFO] SMCBot.MT5: ✅ MetaTrader 5 terhubung dengan sukses.
2026-05-25 13:43:12,940 [INFO] SMCBot.MT5: ✅ MetaTrader 5 terhubung dengan sukses.
2026-05-25 13:43:12,952 [INFO] SMCBot.MT5: ✅ MetaTrader 5 terhubung dengan sukses.
2026-05-25 13:43:12,952 [INFO] SMCBot.LiveTrader: 🔍 Mendeteksi tiket #19715384016 telah ditutup. Mengambil detail history...
2026-05-25 13:43:12,952 [WARNING] SMCBot.LiveTrader: Deal OUT untuk tiket posisi #19715384016 belum tercatat di history broker.
2026-05-25 13:43:12,969 [INFO] SMCBot.MT5: ✅ MetaTrader 5 terhubung dengan sukses.
2026-05-25 13:43:14,872 [INFO] SMCBot.MT5: ✅ MetaTrader 5 terhubung dengan sukses.
2026-05-25 13:43:29,893 [INFO] SMCBot.MT5: ✅ MetaTrader 5 terhubung dengan sukses.
2026-05-25 13:43:29,907 [INFO] SMCBot.MT5: ✅ MetaTrader 5 terhubung dengan sukses.
2026-05-25 13:43:29,907 [INFO] SMCBot.LiveTrader: 🔍 Mendeteksi tiket #19715384016 telah ditutup. Mengambil detail history...
2026-05-25 13:43:29,908 [WARNING] SMCBot.LiveTrader: Deal OUT untuk tiket posisi #19715384016 belum tercatat di history broker.
2026-05-25 13:43:29,926 [INFO] SMCBot.MT5: ✅ MetaTrader 5 terhubung dengan sukses.
2026-05-25 13:43:46,956 [INFO] SMCBot.MT5: ✅ MetaTrader 5 terhubung dengan sukses.
2026-05-25 13:43:46,970 [INFO] SMCBot.MT5: ✅ MetaTrader 5 terhubung dengan sukses.
2026-05-25 13:43:46,970 [INFO] SMCBot.LiveTrader: 🔍 Mendeteksi tiket #19715384016 telah ditutup. Mengambil detail history...
2026-05-25 13:43:46,971 [WARNING] SMCBot.LiveTrader: Deal OUT untuk tiket posisi #19715384016 belum tercatat di history broker.
2026-05-25 13:43:46,981 [INFO] SMCBot.MT5: ✅ MetaTrader 5 terhubung dengan sukses.
2026-05-25 13:44:03,624 [INFO] SMCBot.MT5: ✅ MetaTrader 5 terhubung dengan sukses.
2026-05-25 13:44:03,638 [INFO] SMCBot.MT5: ✅ MetaTrader 5 terhubung dengan sukses.
2026-05-25 13:44:03,638 [INFO] SMCBot.LiveTrader: 🔍 Mendeteksi tiket #19715384016 telah ditutup. Mengambil detail history...
2026-05-25 13:44:03,638 [WARNING] SMCBot.LiveTrader: Deal OUT untuk tiket posisi #19715384016 belum tercatat di history broker.
2026-05-25 13:44:03,651 [INFO] SMCBot.MT5: ✅ MetaTrader 5 terhubung dengan sukses.
2026-05-25 13:44:05,520 [INFO] SMCBot.MT5: ✅ MetaTrader 5 terhubung dengan sukses.
2026-05-25 13:44:20,533 [INFO] SMCBot.MT5: ✅ MetaTrader 5 terhubung dengan sukses.
2026-05-25 13:44:20,541 [INFO] SMCBot.MT5: ✅ MetaTrader 5 terhubung dengan sukses.
2026-05-25 13:44:20,541 [INFO] SMCBot.LiveTrader: 🔍 Mendeteksi tiket #19715384016 telah ditutup. Mengambil detail history...
2026-05-25 13:44:20,541 [WARNING] SMCBot.LiveTrader: Deal OUT untuk tiket posisi #19715384016 belum tercatat di history broker.
2026-05-25 13:44:20,554 [INFO] SMCBot.MT5: ✅ MetaTrader 5 terhubung dengan sukses.
2026-05-25 13:44:37,736 [INFO] SMCBot.MT5: ✅ MetaTrader 5 terhubung dengan sukses.
2026-05-25 13:44:37,749 [INFO] SMCBot.MT5: ✅ MetaTrader 5 terhubung dengan sukses.
2026-05-25 13:44:37,749 [INFO] SMCBot.LiveTrader: 🔍 Mendeteksi tiket #19715384016 telah ditutup. Mengambil detail history...
2026-05-25 13:44:37,753 [WARNING] SMCBot.LiveTrader: Deal OUT untuk tiket posisi #19715384016 belum tercatat di history broker.
2026-05-25 13:44:37,768 [INFO] SMCBot.MT5: ✅ MetaTrader 5 terhubung dengan sukses.
2026-05-25 13:44:50,779 [INFO] SMCBot.LiveTrader: =========================================================
2026-05-25 13:44:50,779 [INFO] SMCBot.LiveTrader: 🚀 MEMULAI AUTO-TRADING BOT XAUUSD SMC (MT5)
2026-05-25 13:44:50,780 [INFO] SMCBot.LiveTrader: =========================================================
2026-05-25 13:44:50,788 [INFO] SMCBot.MT5: ✅ MetaTrader 5 terhubung dengan sukses.
2026-05-25 13:44:50,789 [INFO] SMCBot.LiveTrader: 📨 Background Telegram Listener aktif.
2026-05-25 13:44:51,867 [INFO] SMCBot.LiveTrader: 📅 Memulai hari baru trading: 2026-05-25. Reset loss harian ke $0.00.
2026-05-25 13:44:51,875 [INFO] SMCBot.MT5: ✅ MetaTrader 5 terhubung dengan sukses.
2026-05-25 13:44:53,835 [INFO] SMCBot.MT5: ✅ MetaTrader 5 terhubung dengan sukses.
2026-05-25 13:44:58,711 [INFO] SMCBot.LiveTrader: Pesan Telegram diterima: '/status'
2026-05-25 13:44:58,730 [INFO] SMCBot.MT5: ✅ MetaTrader 5 terhubung dengan sukses.
2026-05-25 13:45:08,852 [INFO] SMCBot.MT5: ✅ MetaTrader 5 terhubung dengan sukses.
2026-05-25 13:45:11,202 [INFO] SMCBot.MT5: ✅ MetaTrader 5 terhubung dengan sukses.
2026-05-25 13:45:26,221 [INFO] SMCBot.MT5: ✅ MetaTrader 5 terhubung dengan sukses.
2026-05-25 13:45:42,896 [INFO] SMCBot.MT5: ✅ MetaTrader 5 terhubung dengan sukses.
2026-05-25 13:45:59,306 [INFO] SMCBot.MT5: ✅ MetaTrader 5 terhubung dengan sukses.
2026-05-25 13:46:15,945 [INFO] SMCBot.MT5: ✅ MetaTrader 5 terhubung dengan sukses.
2026-05-25 13:46:17,225 [INFO] SMCBot.MT5: ✅ MetaTrader 5 terhubung dengan sukses.
2026-05-25 13:46:32,237 [INFO] SMCBot.MT5: ✅ MetaTrader 5 terhubung dengan sukses.
2026-05-25 13:46:48,849 [INFO] SMCBot.MT5: ✅ MetaTrader 5 terhubung dengan sukses.
2026-05-25 13:47:05,225 [INFO] SMCBot.MT5: ✅ MetaTrader 5 terhubung dengan sukses.
2026-05-25 13:47:06,863 [INFO] SMCBot.MT5: ✅ MetaTrader 5 terhubung dengan sukses.
2026-05-25 13:47:21,873 [INFO] SMCBot.MT5: ✅ MetaTrader 5 terhubung dengan sukses.
2026-05-25 13:47:38,290 [INFO] SMCBot.MT5: ✅ MetaTrader 5 terhubung dengan sukses.
2026-05-25 13:47:54,876 [INFO] SMCBot.MT5: ✅ MetaTrader 5 terhubung dengan sukses.
2026-05-25 13:48:11,340 [INFO] SMCBot.MT5: ✅ MetaTrader 5 terhubung dengan sukses.
2026-05-25 13:48:12,992 [INFO] SMCBot.MT5: ✅ MetaTrader 5 terhubung dengan sukses.
2026-05-25 13:48:28,009 [INFO] SMCBot.MT5: ✅ MetaTrader 5 terhubung dengan sukses.
2026-05-25 13:48:44,863 [INFO] SMCBot.MT5: ✅ MetaTrader 5 terhubung dengan sukses.
2026-05-25 13:49:01,489 [INFO] SMCBot.MT5: ✅ MetaTrader 5 terhubung dengan sukses.
2026-05-25 13:49:03,155 [INFO] SMCBot.MT5: ✅ MetaTrader 5 terhubung dengan sukses.
2026-05-25 13:49:18,172 [INFO] SMCBot.MT5: ✅ MetaTrader 5 terhubung dengan sukses.
2026-05-25 13:49:34,577 [INFO] SMCBot.MT5: ✅ MetaTrader 5 terhubung dengan sukses.
2026-05-25 13:49:51,408 [INFO] SMCBot.MT5: ✅ MetaTrader 5 terhubung dengan sukses.
2026-05-25 13:50:08,169 [INFO] SMCBot.MT5: ✅ MetaTrader 5 terhubung dengan sukses.
2026-05-25 13:50:09,773 [INFO] SMCBot.MT5: ✅ MetaTrader 5 terhubung dengan sukses.
2026-05-25 13:50:24,790 [INFO] SMCBot.MT5: ✅ MetaTrader 5 terhubung dengan sukses.
2026-05-25 13:50:41,243 [INFO] SMCBot.MT5: ✅ MetaTrader 5 terhubung dengan sukses.
2026-05-25 13:50:57,675 [INFO] SMCBot.MT5: ✅ MetaTrader 5 terhubung dengan sukses.
2026-05-25 13:51:04,956 [INFO] SMCBot.LiveTrader: =========================================================
2026-05-25 13:51:04,956 [INFO] SMCBot.LiveTrader: 🚀 MEMULAI AUTO-TRADING BOT XAUUSD SMC (MT5)
2026-05-25 13:51:04,956 [INFO] SMCBot.LiveTrader: =========================================================
2026-05-25 13:51:04,968 [INFO] SMCBot.MT5: ✅ MetaTrader 5 terhubung dengan sukses.
2026-05-25 13:51:04,969 [INFO] SMCBot.LiveTrader: 📨 Background Telegram Listener aktif.
2026-05-25 13:51:06,247 [INFO] SMCBot.LiveTrader: 📅 Memulai hari baru trading: 2026-05-25. Reset loss harian ke $0.00.
2026-05-25 13:51:06,257 [INFO] SMCBot.MT5: ✅ MetaTrader 5 terhubung dengan sukses.
2026-05-25 13:51:07,301 [INFO] SMCBot.MT5: ✅ MetaTrader 5 terhubung dengan sukses.
2026-05-25 13:51:14,125 [INFO] SMCBot.LiveTrader: Pesan Telegram diterima: '/status'
2026-05-25 13:51:14,141 [INFO] SMCBot.MT5: ✅ MetaTrader 5 terhubung dengan sukses.
2026-05-25 13:51:22,318 [INFO] SMCBot.MT5: ✅ MetaTrader 5 terhubung dengan sukses.
2026-05-25 13:51:38,775 [INFO] SMCBot.MT5: ✅ MetaTrader 5 terhubung dengan sukses.
2026-05-25 13:51:55,265 [INFO] SMCBot.MT5: ✅ MetaTrader 5 terhubung dengan sukses.
2026-05-25 13:52:11,503 [INFO] SMCBot.MT5: ✅ MetaTrader 5 terhubung dengan sukses.
2026-05-25 13:52:13,474 [INFO] SMCBot.MT5: ✅ MetaTrader 5 terhubung dengan sukses.
2026-05-25 13:52:28,489 [INFO] SMCBot.MT5: ✅ MetaTrader 5 terhubung dengan sukses.
2026-05-25 13:52:44,726 [INFO] SMCBot.MT5: ✅ MetaTrader 5 terhubung dengan sukses.
2026-05-25 13:53:01,528 [INFO] SMCBot.MT5: ✅ MetaTrader 5 terhubung dengan sukses.
2026-05-25 13:53:03,595 [INFO] SMCBot.MT5: ✅ MetaTrader 5 terhubung dengan sukses.
2026-05-25 13:53:18,608 [INFO] SMCBot.MT5: ✅ MetaTrader 5 terhubung dengan sukses.
2026-05-25 13:53:35,638 [INFO] SMCBot.MT5: ✅ MetaTrader 5 terhubung dengan sukses.
2026-05-25 13:53:51,781 [INFO] SMCBot.MT5: ✅ MetaTrader 5 terhubung dengan sukses.
2026-05-25 13:54:08,219 [INFO] SMCBot.MT5: ✅ MetaTrader 5 terhubung dengan sukses.
2026-05-25 13:54:09,691 [INFO] SMCBot.MT5: ✅ MetaTrader 5 terhubung dengan sukses.
2026-05-25 13:54:24,707 [INFO] SMCBot.MT5: ✅ MetaTrader 5 terhubung dengan sukses.
2026-05-25 13:54:41,484 [INFO] SMCBot.MT5: ✅ MetaTrader 5 terhubung dengan sukses.
2026-05-25 13:54:57,943 [INFO] SMCBot.MT5: ✅ MetaTrader 5 terhubung dengan sukses.
2026-05-25 13:55:13,865 [INFO] SMCBot.MT5: ✅ MetaTrader 5 terhubung dengan sukses.
2026-05-25 13:55:15,545 [INFO] SMCBot.MT5: ✅ MetaTrader 5 terhubung dengan sukses.
2026-05-25 13:55:30,559 [INFO] SMCBot.MT5: ✅ MetaTrader 5 terhubung dengan sukses.
2026-05-25 13:55:47,381 [INFO] SMCBot.MT5: ✅ MetaTrader 5 terhubung dengan sukses.
2026-05-25 13:56:05,130 [INFO] SMCBot.MT5: ✅ MetaTrader 5 terhubung dengan sukses.
2026-05-25 13:56:07,013 [INFO] SMCBot.MT5: ✅ MetaTrader 5 terhubung dengan sukses.
2026-05-25 13:56:22,028 [INFO] SMCBot.MT5: ✅ MetaTrader 5 terhubung dengan sukses.
2026-05-25 13:56:38,439 [INFO] SMCBot.MT5: ✅ MetaTrader 5 terhubung dengan sukses.
2026-05-25 13:56:54,777 [INFO] SMCBot.MT5: ✅ MetaTrader 5 terhubung dengan sukses.
2026-05-25 13:57:11,389 [INFO] SMCBot.MT5: ✅ MetaTrader 5 terhubung dengan sukses.
2026-05-25 13:57:12,977 [INFO] SMCBot.MT5: ✅ MetaTrader 5 terhubung dengan sukses.
2026-05-25 13:57:27,993 [INFO] SMCBot.MT5: ✅ MetaTrader 5 terhubung dengan sukses.
2026-05-25 13:57:44,579 [INFO] SMCBot.MT5: ✅ MetaTrader 5 terhubung dengan sukses.
2026-05-25 13:58:01,292 [INFO] SMCBot.MT5: ✅ MetaTrader 5 terhubung dengan sukses.
2026-05-25 13:58:02,614 [INFO] SMCBot.MT5: ✅ MetaTrader 5 terhubung dengan sukses.
2026-05-25 13:58:17,630 [INFO] SMCBot.MT5: ✅ MetaTrader 5 terhubung dengan sukses.
2026-05-25 13:58:34,638 [INFO] SMCBot.MT5: ✅ MetaTrader 5 terhubung dengan sukses.
2026-05-25 13:58:50,835 [INFO] SMCBot.MT5: ✅ MetaTrader 5 terhubung dengan sukses.
2026-05-25 13:59:07,561 [INFO] SMCBot.MT5: ✅ MetaTrader 5 terhubung dengan sukses.
2026-05-25 13:59:08,911 [INFO] SMCBot.MT5: ✅ MetaTrader 5 terhubung dengan sukses.
2026-05-25 13:59:23,922 [INFO] SMCBot.MT5: ✅ MetaTrader 5 terhubung dengan sukses.
2026-05-25 13:59:40,342 [INFO] SMCBot.MT5: ✅ MetaTrader 5 terhubung dengan sukses.
2026-05-25 13:59:56,546 [INFO] SMCBot.MT5: ✅ MetaTrader 5 terhubung dengan sukses.
2026-05-25 14:00:13,178 [INFO] SMCBot.MT5: ✅ MetaTrader 5 terhubung dengan sukses.
2026-05-25 14:00:15,127 [INFO] SMCBot.MT5: ✅ MetaTrader 5 terhubung dengan sukses.
2026-05-25 14:00:30,144 [INFO] SMCBot.MT5: ✅ MetaTrader 5 terhubung dengan sukses.
2026-05-25 14:00:46,704 [INFO] SMCBot.MT5: ✅ MetaTrader 5 terhubung dengan sukses.
2026-05-25 14:01:03,000 [INFO] SMCBot.MT5: ✅ MetaTrader 5 terhubung dengan sukses.
2026-05-25 14:01:04,955 [INFO] SMCBot.MT5: ✅ MetaTrader 5 terhubung dengan sukses.
2026-05-25 14:01:19,970 [INFO] SMCBot.MT5: ✅ MetaTrader 5 terhubung dengan sukses.
2026-05-25 14:01:36,381 [INFO] SMCBot.MT5: ✅ MetaTrader 5 terhubung dengan sukses.
2026-05-25 14:01:52,848 [INFO] SMCBot.MT5: ✅ MetaTrader 5 terhubung dengan sukses.
2026-05-25 14:02:09,357 [INFO] SMCBot.MT5: ✅ MetaTrader 5 terhubung dengan sukses.
2026-05-25 14:02:11,320 [INFO] SMCBot.MT5: ✅ MetaTrader 5 terhubung dengan sukses.
2026-05-25 14:02:26,337 [INFO] SMCBot.MT5: ✅ MetaTrader 5 terhubung dengan sukses.
2026-05-25 14:02:42,574 [INFO] SMCBot.MT5: ✅ MetaTrader 5 terhubung dengan sukses.
2026-05-25 14:02:59,249 [INFO] SMCBot.MT5: ✅ MetaTrader 5 terhubung dengan sukses.
2026-05-25 14:03:02,005 [INFO] SMCBot.MT5: ✅ MetaTrader 5 terhubung dengan sukses.
2026-05-25 14:03:17,021 [INFO] SMCBot.MT5: ✅ MetaTrader 5 terhubung dengan sukses.
2026-05-25 14:03:35,700 [INFO] SMCBot.MT5: ✅ MetaTrader 5 terhubung dengan sukses.
2026-05-25 14:03:52,229 [INFO] SMCBot.MT5: ✅ MetaTrader 5 terhubung dengan sukses.
2026-05-25 14:04:08,606 [INFO] SMCBot.MT5: ✅ MetaTrader 5 terhubung dengan sukses.
2026-05-25 14:04:10,085 [INFO] SMCBot.MT5: ✅ MetaTrader 5 terhubung dengan sukses.
2026-05-25 14:04:25,098 [INFO] SMCBot.MT5: ✅ MetaTrader 5 terhubung dengan sukses.
2026-05-25 14:04:41,956 [INFO] SMCBot.MT5: ✅ MetaTrader 5 terhubung dengan sukses.
2026-05-25 14:04:58,288 [INFO] SMCBot.MT5: ✅ MetaTrader 5 terhubung dengan sukses.
2026-05-25 14:05:00,252 [INFO] SMCBot.MT5: ✅ MetaTrader 5 terhubung dengan sukses.
2026-05-25 14:05:15,264 [INFO] SMCBot.MT5: ✅ MetaTrader 5 terhubung dengan sukses.
2026-05-25 14:05:31,495 [INFO] SMCBot.MT5: ✅ MetaTrader 5 terhubung dengan sukses.
2026-05-25 14:05:47,810 [INFO] SMCBot.MT5: ✅ MetaTrader 5 terhubung dengan sukses.
2026-05-25 14:06:04,022 [INFO] SMCBot.MT5: ✅ MetaTrader 5 terhubung dengan sukses.
2026-05-25 14:06:05,787 [INFO] SMCBot.MT5: ✅ MetaTrader 5 terhubung dengan sukses.
2026-05-25 14:06:05,788 [INFO] SMCBot.LiveTrader: ℹ️ Ada 1 posisi bot sedang berjalan di MT5. Menunggu posisi ditutup...
2026-05-25 14:06:05,789 [INFO] SMCBot.LiveTrader: Synchronized running ticket #19715531474 to state.
2026-05-25 14:06:20,804 [INFO] SMCBot.MT5: ✅ MetaTrader 5 terhubung dengan sukses.
2026-05-25 14:06:20,817 [INFO] SMCBot.MT5: ✅ MetaTrader 5 terhubung dengan sukses.
2026-05-25 14:06:20,832 [INFO] SMCBot.MT5: ✅ MetaTrader 5 terhubung dengan sukses.
2026-05-25 14:06:37,308 [INFO] SMCBot.MT5: ✅ MetaTrader 5 terhubung dengan sukses.
2026-05-25 14:06:37,324 [INFO] SMCBot.MT5: ✅ MetaTrader 5 terhubung dengan sukses.
2026-05-25 14:06:37,340 [INFO] SMCBot.MT5: ✅ MetaTrader 5 terhubung dengan sukses.
2026-05-25 14:06:53,932 [INFO] SMCBot.MT5: ✅ MetaTrader 5 terhubung dengan sukses.
2026-05-25 14:06:53,951 [INFO] SMCBot.MT5: ✅ MetaTrader 5 terhubung dengan sukses.
2026-05-25 14:06:53,965 [INFO] SMCBot.MT5: ✅ MetaTrader 5 terhubung dengan sukses.
2026-05-25 14:07:12,012 [INFO] SMCBot.MT5: ✅ MetaTrader 5 terhubung dengan sukses.
2026-05-25 14:07:12,027 [INFO] SMCBot.MT5: ✅ MetaTrader 5 terhubung dengan sukses.
2026-05-25 14:07:12,040 [INFO] SMCBot.MT5: ✅ MetaTrader 5 terhubung dengan sukses.
2026-05-25 14:07:13,406 [INFO] SMCBot.MT5: ✅ MetaTrader 5 terhubung dengan sukses.
2026-05-25 14:07:13,406 [INFO] SMCBot.LiveTrader: ℹ️ Ada 1 posisi bot sedang berjalan di MT5. Menunggu posisi ditutup...
2026-05-25 14:07:28,422 [INFO] SMCBot.MT5: ✅ MetaTrader 5 terhubung dengan sukses.
2026-05-25 14:07:28,433 [INFO] SMCBot.MT5: ✅ MetaTrader 5 terhubung dengan sukses.
2026-05-25 14:07:28,447 [INFO] SMCBot.MT5: ✅ MetaTrader 5 terhubung dengan sukses.
2026-05-25 14:07:40,471 [INFO] SMCBot.LiveTrader: =========================================================
2026-05-25 14:07:40,471 [INFO] SMCBot.LiveTrader: 🚀 MEMULAI AUTO-TRADING BOT XAUUSD SMC (MT5)
2026-05-25 14:07:40,471 [INFO] SMCBot.LiveTrader: =========================================================
2026-05-25 14:07:40,482 [INFO] SMCBot.MT5: ✅ MetaTrader 5 terhubung dengan sukses.
2026-05-25 14:07:40,482 [INFO] SMCBot.LiveTrader: 📨 Background Telegram Listener aktif.
2026-05-25 14:07:41,721 [INFO] SMCBot.LiveTrader: 📅 Memulai hari baru trading: 2026-05-25. Reset loss harian ke $0.00.
2026-05-25 14:07:41,728 [INFO] SMCBot.MT5: ✅ MetaTrader 5 terhubung dengan sukses.
2026-05-25 14:07:43,200 [INFO] SMCBot.MT5: ✅ MetaTrader 5 terhubung dengan sukses.
2026-05-25 14:07:43,200 [INFO] SMCBot.LiveTrader: ℹ️ Ada 1 posisi bot sedang berjalan di MT5. Menunggu posisi ditutup...
2026-05-25 14:07:43,201 [INFO] SMCBot.LiveTrader: Synchronized running ticket #19715531474 to state.
2026-05-25 14:07:47,921 [INFO] SMCBot.LiveTrader: Pesan Telegram diterima: '/status'
2026-05-25 14:07:47,936 [INFO] SMCBot.MT5: ✅ MetaTrader 5 terhubung dengan sukses.
2026-05-25 14:07:58,213 [INFO] SMCBot.MT5: ✅ MetaTrader 5 terhubung dengan sukses.
2026-05-25 14:07:58,223 [INFO] SMCBot.MT5: ✅ MetaTrader 5 terhubung dengan sukses.
2026-05-25 14:07:58,238 [INFO] SMCBot.MT5: ✅ MetaTrader 5 terhubung dengan sukses.
2026-05-25 14:08:01,135 [INFO] SMCBot.LiveTrader: Pesan Telegram diterima: 'apa ada entry an yang aktif?'
2026-05-25 14:08:03,303 [INFO] SMCBot.MT5: ✅ MetaTrader 5 terhubung dengan sukses.
2026-05-25 14:08:14,614 [INFO] SMCBot.MT5: ✅ MetaTrader 5 terhubung dengan sukses.
2026-05-25 14:08:14,631 [INFO] SMCBot.MT5: ✅ MetaTrader 5 terhubung dengan sukses.
2026-05-25 14:08:14,646 [INFO] SMCBot.MT5: ✅ MetaTrader 5 terhubung dengan sukses.
2026-05-25 14:08:16,271 [INFO] SMCBot.MT5: ✅ MetaTrader 5 terhubung dengan sukses.
2026-05-25 14:08:16,272 [INFO] SMCBot.LiveTrader: ℹ️ Ada 1 posisi bot sedang berjalan di MT5. Menunggu posisi ditutup...
2026-05-25 14:08:31,290 [INFO] SMCBot.MT5: ✅ MetaTrader 5 terhubung dengan sukses.
2026-05-25 14:08:31,304 [INFO] SMCBot.MT5: ✅ MetaTrader 5 terhubung dengan sukses.
2026-05-25 14:08:31,314 [INFO] SMCBot.MT5: ✅ MetaTrader 5 terhubung dengan sukses.
2026-05-25 14:08:32,660 [INFO] SMCBot.LiveTrader: Pesan Telegram diterima: 'order block dimana?'
2026-05-25 14:08:47,664 [INFO] SMCBot.MT5: ✅ MetaTrader 5 terhubung dengan sukses.
2026-05-25 14:08:47,676 [INFO] SMCBot.MT5: ✅ MetaTrader 5 terhubung dengan sukses.
2026-05-25 14:08:47,689 [INFO] SMCBot.MT5: ✅ MetaTrader 5 terhubung dengan sukses.
2026-05-25 14:09:03,985 [INFO] SMCBot.MT5: ✅ MetaTrader 5 terhubung dengan sukses.
2026-05-25 14:09:03,998 [INFO] SMCBot.MT5: ✅ MetaTrader 5 terhubung dengan sukses.
2026-05-25 14:09:04,010 [INFO] SMCBot.MT5: ✅ MetaTrader 5 terhubung dengan sukses.
2026-05-25 14:09:05,338 [INFO] SMCBot.MT5: ✅ MetaTrader 5 terhubung dengan sukses.
2026-05-25 14:09:05,338 [INFO] SMCBot.LiveTrader: ℹ️ Ada 1 posisi bot sedang berjalan di MT5. Menunggu posisi ditutup...
2026-05-25 14:09:20,354 [INFO] SMCBot.MT5: ✅ MetaTrader 5 terhubung dengan sukses.
2026-05-25 14:09:20,365 [INFO] SMCBot.MT5: ✅ MetaTrader 5 terhubung dengan sukses.
2026-05-25 14:09:20,375 [INFO] SMCBot.MT5: ✅ MetaTrader 5 terhubung dengan sukses.
2026-05-25 14:09:36,944 [INFO] SMCBot.MT5: ✅ MetaTrader 5 terhubung dengan sukses.
2026-05-25 14:09:36,955 [INFO] SMCBot.MT5: ✅ MetaTrader 5 terhubung dengan sukses.
2026-05-25 14:09:36,967 [INFO] SMCBot.MT5: ✅ MetaTrader 5 terhubung dengan sukses.
2026-05-25 14:09:54,523 [INFO] SMCBot.MT5: ✅ MetaTrader 5 terhubung dengan sukses.
2026-05-25 14:09:54,536 [INFO] SMCBot.MT5: ✅ MetaTrader 5 terhubung dengan sukses.
2026-05-25 14:09:54,548 [INFO] SMCBot.MT5: ✅ MetaTrader 5 terhubung dengan sukses.
2026-05-25 14:10:11,389 [INFO] SMCBot.MT5: ✅ MetaTrader 5 terhubung dengan sukses.
2026-05-25 14:10:11,403 [INFO] SMCBot.MT5: ✅ MetaTrader 5 terhubung dengan sukses.
2026-05-25 14:10:11,419 [INFO] SMCBot.MT5: ✅ MetaTrader 5 terhubung dengan sukses.
2026-05-25 14:10:12,719 [INFO] SMCBot.MT5: ✅ MetaTrader 5 terhubung dengan sukses.
2026-05-25 14:10:12,720 [INFO] SMCBot.LiveTrader: ℹ️ Ada 1 posisi bot sedang berjalan di MT5. Menunggu posisi ditutup...
2026-05-25 14:10:27,733 [INFO] SMCBot.MT5: ✅ MetaTrader 5 terhubung dengan sukses.
2026-05-25 14:10:27,746 [INFO] SMCBot.MT5: ✅ MetaTrader 5 terhubung dengan sukses.
2026-05-25 14:10:27,760 [INFO] SMCBot.MT5: ✅ MetaTrader 5 terhubung dengan sukses.
2026-05-25 14:10:44,536 [INFO] SMCBot.MT5: ✅ MetaTrader 5 terhubung dengan sukses.
2026-05-25 14:10:44,551 [INFO] SMCBot.MT5: ✅ MetaTrader 5 terhubung dengan sukses.
2026-05-25 14:10:44,572 [INFO] SMCBot.MT5: ✅ MetaTrader 5 terhubung dengan sukses.
2026-05-25 14:11:01,197 [INFO] SMCBot.MT5: ✅ MetaTrader 5 terhubung dengan sukses.
2026-05-25 14:11:01,215 [INFO] SMCBot.MT5: ✅ MetaTrader 5 terhubung dengan sukses.
2026-05-25 14:11:01,230 [INFO] SMCBot.MT5: ✅ MetaTrader 5 terhubung dengan sukses.
2026-05-25 14:11:03,513 [INFO] SMCBot.MT5: ✅ MetaTrader 5 terhubung dengan sukses.
2026-05-25 14:11:03,514 [INFO] SMCBot.LiveTrader: ℹ️ Ada 1 posisi bot sedang berjalan di MT5. Menunggu posisi ditutup...
2026-05-25 14:11:18,530 [INFO] SMCBot.MT5: ✅ MetaTrader 5 terhubung dengan sukses.
2026-05-25 14:11:18,547 [INFO] SMCBot.MT5: ✅ MetaTrader 5 terhubung dengan sukses.
2026-05-25 14:11:18,565 [INFO] SMCBot.MT5: ✅ MetaTrader 5 terhubung dengan sukses.
2026-05-25 14:11:34,824 [INFO] SMCBot.MT5: ✅ MetaTrader 5 terhubung dengan sukses.
2026-05-25 14:11:34,855 [INFO] SMCBot.MT5: ✅ MetaTrader 5 terhubung dengan sukses.
2026-05-25 14:11:34,874 [INFO] SMCBot.MT5: ✅ MetaTrader 5 terhubung dengan sukses.
2026-05-25 14:11:51,504 [INFO] SMCBot.MT5: ✅ MetaTrader 5 terhubung dengan sukses.
2026-05-25 14:11:51,520 [INFO] SMCBot.MT5: ✅ MetaTrader 5 terhubung dengan sukses.
2026-05-25 14:11:51,534 [INFO] SMCBot.MT5: ✅ MetaTrader 5 terhubung dengan sukses.
2026-05-25 14:12:08,226 [INFO] SMCBot.MT5: ✅ MetaTrader 5 terhubung dengan sukses.
2026-05-25 14:12:08,240 [INFO] SMCBot.MT5: ✅ MetaTrader 5 terhubung dengan sukses.
2026-05-25 14:12:08,251 [INFO] SMCBot.MT5: ✅ MetaTrader 5 terhubung dengan sukses.
2026-05-25 14:12:10,032 [INFO] SMCBot.MT5: ✅ MetaTrader 5 terhubung dengan sukses.
2026-05-25 14:12:10,033 [INFO] SMCBot.LiveTrader: ℹ️ Ada 1 posisi bot sedang berjalan di MT5. Menunggu posisi ditutup...
2026-05-25 14:12:25,048 [INFO] SMCBot.MT5: ✅ MetaTrader 5 terhubung dengan sukses.
2026-05-25 14:12:25,061 [INFO] SMCBot.MT5: ✅ MetaTrader 5 terhubung dengan sukses.
2026-05-25 14:12:25,077 [INFO] SMCBot.MT5: ✅ MetaTrader 5 terhubung dengan sukses.
2026-05-25 14:12:41,595 [INFO] SMCBot.MT5: ✅ MetaTrader 5 terhubung dengan sukses.
2026-05-25 14:12:41,607 [INFO] SMCBot.MT5: ✅ MetaTrader 5 terhubung dengan sukses.
2026-05-25 14:12:41,622 [INFO] SMCBot.MT5: ✅ MetaTrader 5 terhubung dengan sukses.
2026-05-25 14:12:58,381 [INFO] SMCBot.MT5: ✅ MetaTrader 5 terhubung dengan sukses.
2026-05-25 14:12:58,389 [INFO] SMCBot.MT5: ✅ MetaTrader 5 terhubung dengan sukses.
2026-05-25 14:12:58,398 [INFO] SMCBot.MT5: ✅ MetaTrader 5 terhubung dengan sukses.
2026-05-25 14:13:14,820 [INFO] SMCBot.MT5: ✅ MetaTrader 5 terhubung dengan sukses.
2026-05-25 14:13:14,833 [INFO] SMCBot.MT5: ✅ MetaTrader 5 terhubung dengan sukses.
2026-05-25 14:13:14,847 [INFO] SMCBot.MT5: ✅ MetaTrader 5 terhubung dengan sukses.
2026-05-25 14:13:16,456 [INFO] SMCBot.MT5: ✅ MetaTrader 5 terhubung dengan sukses.
2026-05-25 14:13:16,457 [INFO] SMCBot.LiveTrader: ℹ️ Ada 1 posisi bot sedang berjalan di MT5. Menunggu posisi ditutup...
2026-05-25 14:13:31,469 [INFO] SMCBot.MT5: ✅ MetaTrader 5 terhubung dengan sukses.
2026-05-25 14:13:31,486 [INFO] SMCBot.MT5: ✅ MetaTrader 5 terhubung dengan sukses.
2026-05-25 14:13:31,498 [INFO] SMCBot.MT5: ✅ MetaTrader 5 terhubung dengan sukses.
2026-05-25 14:13:48,498 [INFO] SMCBot.MT5: ✅ MetaTrader 5 terhubung dengan sukses.
2026-05-25 14:13:48,513 [INFO] SMCBot.MT5: ✅ MetaTrader 5 terhubung dengan sukses.
2026-05-25 14:13:48,522 [INFO] SMCBot.MT5: ✅ MetaTrader 5 terhubung dengan sukses.
2026-05-25 14:14:05,276 [INFO] SMCBot.MT5: ✅ MetaTrader 5 terhubung dengan sukses.
2026-05-25 14:14:05,287 [INFO] SMCBot.MT5: ✅ MetaTrader 5 terhubung dengan sukses.
2026-05-25 14:14:05,300 [INFO] SMCBot.MT5: ✅ MetaTrader 5 terhubung dengan sukses.
2026-05-25 14:14:07,048 [INFO] SMCBot.MT5: ✅ MetaTrader 5 terhubung dengan sukses.
2026-05-25 14:14:07,048 [INFO] SMCBot.LiveTrader: ℹ️ Ada 1 posisi bot sedang berjalan di MT5. Menunggu posisi ditutup...
2026-05-25 14:14:22,065 [INFO] SMCBot.MT5: ✅ MetaTrader 5 terhubung dengan sukses.
2026-05-25 14:14:22,082 [INFO] SMCBot.MT5: ✅ MetaTrader 5 terhubung dengan sukses.
2026-05-25 14:14:22,095 [INFO] SMCBot.MT5: ✅ MetaTrader 5 terhubung dengan sukses.
2026-05-25 14:14:38,721 [INFO] SMCBot.MT5: ✅ MetaTrader 5 terhubung dengan sukses.
2026-05-25 14:14:38,730 [INFO] SMCBot.MT5: ✅ MetaTrader 5 terhubung dengan sukses.
2026-05-25 14:14:38,737 [INFO] SMCBot.MT5: ✅ MetaTrader 5 terhubung dengan sukses.
2026-05-25 14:14:55,162 [INFO] SMCBot.MT5: ✅ MetaTrader 5 terhubung dengan sukses.
2026-05-25 14:14:55,177 [INFO] SMCBot.MT5: ✅ MetaTrader 5 terhubung dengan sukses.
2026-05-25 14:14:55,194 [INFO] SMCBot.MT5: ✅ MetaTrader 5 terhubung dengan sukses.
2026-05-25 14:15:11,733 [INFO] SMCBot.MT5: ✅ MetaTrader 5 terhubung dengan sukses.
2026-05-25 14:15:11,751 [INFO] SMCBot.MT5: ✅ MetaTrader 5 terhubung dengan sukses.
2026-05-25 14:15:11,768 [INFO] SMCBot.MT5: ✅ MetaTrader 5 terhubung dengan sukses.
2026-05-25 14:15:13,498 [INFO] SMCBot.MT5: ✅ MetaTrader 5 terhubung dengan sukses.
2026-05-25 14:15:13,498 [INFO] SMCBot.LiveTrader: ℹ️ Ada 1 posisi bot sedang berjalan di MT5. Menunggu posisi ditutup...
2026-05-25 14:15:28,515 [INFO] SMCBot.MT5: ✅ MetaTrader 5 terhubung dengan sukses.
2026-05-25 14:15:28,530 [INFO] SMCBot.MT5: ✅ MetaTrader 5 terhubung dengan sukses.
2026-05-25 14:15:28,545 [INFO] SMCBot.MT5: ✅ MetaTrader 5 terhubung dengan sukses.
2026-05-25 14:15:45,062 [INFO] SMCBot.MT5: ✅ MetaTrader 5 terhubung dengan sukses.
2026-05-25 14:15:45,076 [INFO] SMCBot.MT5: ✅ MetaTrader 5 terhubung dengan sukses.
2026-05-25 14:15:45,091 [INFO] SMCBot.MT5: ✅ MetaTrader 5 terhubung dengan sukses.
2026-05-25 14:16:01,514 [INFO] SMCBot.MT5: ✅ MetaTrader 5 terhubung dengan sukses.
2026-05-25 14:16:01,531 [INFO] SMCBot.MT5: ✅ MetaTrader 5 terhubung dengan sukses.
2026-05-25 14:16:01,545 [INFO] SMCBot.MT5: ✅ MetaTrader 5 terhubung dengan sukses.
2026-05-25 14:16:03,269 [INFO] SMCBot.MT5: ✅ MetaTrader 5 terhubung dengan sukses.
2026-05-25 14:16:03,269 [INFO] SMCBot.LiveTrader: ℹ️ Ada 1 posisi bot sedang berjalan di MT5. Menunggu posisi ditutup...
2026-05-25 14:16:18,285 [INFO] SMCBot.MT5: ✅ MetaTrader 5 terhubung dengan sukses.
2026-05-25 14:16:18,302 [INFO] SMCBot.MT5: ✅ MetaTrader 5 terhubung dengan sukses.
2026-05-25 14:16:18,315 [INFO] SMCBot.MT5: ✅ MetaTrader 5 terhubung dengan sukses.
2026-05-25 14:16:34,782 [INFO] SMCBot.MT5: ✅ MetaTrader 5 terhubung dengan sukses.
2026-05-25 14:16:34,792 [INFO] SMCBot.MT5: ✅ MetaTrader 5 terhubung dengan sukses.
2026-05-25 14:16:34,808 [INFO] SMCBot.MT5: ✅ MetaTrader 5 terhubung dengan sukses.
2026-05-25 14:16:36,643 [INFO] SMCBot.LiveTrader: Pesan Telegram diterima: 'bisa close manual?'
2026-05-25 14:16:42,698 [INFO] SMCBot.LiveTrader: Pesan Telegram diterima: '/help'
2026-05-25 14:16:51,237 [INFO] SMCBot.MT5: ✅ MetaTrader 5 terhubung dengan sukses.
2026-05-25 14:16:51,244 [INFO] SMCBot.MT5: ✅ MetaTrader 5 terhubung dengan sukses.
2026-05-25 14:16:51,253 [INFO] SMCBot.MT5: ✅ MetaTrader 5 terhubung dengan sukses.
2026-05-25 14:17:07,848 [INFO] SMCBot.MT5: ✅ MetaTrader 5 terhubung dengan sukses.
2026-05-25 14:17:07,859 [INFO] SMCBot.MT5: ✅ MetaTrader 5 terhubung dengan sukses.
2026-05-25 14:17:07,871 [INFO] SMCBot.MT5: ✅ MetaTrader 5 terhubung dengan sukses.
2026-05-25 14:17:10,068 [INFO] SMCBot.MT5: ✅ MetaTrader 5 terhubung dengan sukses.
2026-05-25 14:17:10,069 [INFO] SMCBot.LiveTrader: ℹ️ Ada 1 posisi bot sedang berjalan di MT5. Menunggu posisi ditutup...
2026-05-25 14:17:25,084 [INFO] SMCBot.MT5: ✅ MetaTrader 5 terhubung dengan sukses.
2026-05-25 14:17:25,097 [INFO] SMCBot.MT5: ✅ MetaTrader 5 terhubung dengan sukses.
2026-05-25 14:17:25,108 [INFO] SMCBot.MT5: ✅ MetaTrader 5 terhubung dengan sukses.
2026-05-25 14:17:41,978 [INFO] SMCBot.MT5: ✅ MetaTrader 5 terhubung dengan sukses.
2026-05-25 14:17:41,994 [INFO] SMCBot.MT5: ✅ MetaTrader 5 terhubung dengan sukses.
2026-05-25 14:17:42,009 [INFO] SMCBot.MT5: ✅ MetaTrader 5 terhubung dengan sukses.
2026-05-25 14:17:58,458 [INFO] SMCBot.MT5: ✅ MetaTrader 5 terhubung dengan sukses.
2026-05-25 14:17:58,473 [INFO] SMCBot.MT5: ✅ MetaTrader 5 terhubung dengan sukses.
2026-05-25 14:17:58,488 [INFO] SMCBot.MT5: ✅ MetaTrader 5 terhubung dengan sukses.
2026-05-25 14:18:00,787 [INFO] SMCBot.MT5: ✅ MetaTrader 5 terhubung dengan sukses.
2026-05-25 14:18:00,788 [INFO] SMCBot.LiveTrader: ℹ️ Ada 1 posisi bot sedang berjalan di MT5. Menunggu posisi ditutup...
2026-05-25 14:18:15,798 [INFO] SMCBot.MT5: ✅ MetaTrader 5 terhubung dengan sukses.
2026-05-25 14:18:15,813 [INFO] SMCBot.MT5: ✅ MetaTrader 5 terhubung dengan sukses.
2026-05-25 14:18:15,813 [INFO] SMCBot.LiveTrader: 🔍 Mendeteksi tiket #19715531474 telah ditutup. Mengambil detail history...
2026-05-25 14:18:15,813 [WARNING] SMCBot.LiveTrader: Deal OUT untuk tiket posisi #19715531474 belum tercatat di history broker.
2026-05-25 14:18:15,825 [INFO] SMCBot.MT5: ✅ MetaTrader 5 terhubung dengan sukses.
2026-05-25 14:18:31,981 [INFO] SMCBot.MT5: ✅ MetaTrader 5 terhubung dengan sukses.
2026-05-25 14:18:31,998 [INFO] SMCBot.MT5: ✅ MetaTrader 5 terhubung dengan sukses.
2026-05-25 14:18:31,999 [INFO] SMCBot.LiveTrader: 🔍 Mendeteksi tiket #19715531474 telah ditutup. Mengambil detail history...
2026-05-25 14:18:31,999 [WARNING] SMCBot.LiveTrader: Deal OUT untuk tiket posisi #19715531474 belum tercatat di history broker.
2026-05-25 14:18:32,011 [INFO] SMCBot.MT5: ✅ MetaTrader 5 terhubung dengan sukses.
2026-05-25 14:18:48,819 [INFO] SMCBot.MT5: ✅ MetaTrader 5 terhubung dengan sukses.
2026-05-25 14:18:48,832 [INFO] SMCBot.MT5: ✅ MetaTrader 5 terhubung dengan sukses.
2026-05-25 14:18:48,833 [INFO] SMCBot.LiveTrader: 🔍 Mendeteksi tiket #19715531474 telah ditutup. Mengambil detail history...
2026-05-25 14:18:48,833 [WARNING] SMCBot.LiveTrader: Deal OUT untuk tiket posisi #19715531474 belum tercatat di history broker.
2026-05-25 14:18:48,848 [INFO] SMCBot.MT5: ✅ MetaTrader 5 terhubung dengan sukses.
2026-05-25 14:19:05,846 [INFO] SMCBot.MT5: ✅ MetaTrader 5 terhubung dengan sukses.
2026-05-25 14:19:05,855 [INFO] SMCBot.MT5: ✅ MetaTrader 5 terhubung dengan sukses.
2026-05-25 14:19:05,855 [INFO] SMCBot.LiveTrader: 🔍 Mendeteksi tiket #19715531474 telah ditutup. Mengambil detail history...
2026-05-25 14:19:05,856 [WARNING] SMCBot.LiveTrader: Deal OUT untuk tiket posisi #19715531474 belum tercatat di history broker.
2026-05-25 14:19:05,864 [INFO] SMCBot.MT5: ✅ MetaTrader 5 terhubung dengan sukses.
2026-05-25 14:19:07,471 [INFO] SMCBot.MT5: ✅ MetaTrader 5 terhubung dengan sukses.
2026-05-25 14:19:22,489 [INFO] SMCBot.MT5: ✅ MetaTrader 5 terhubung dengan sukses.
2026-05-25 14:19:22,502 [INFO] SMCBot.MT5: ✅ MetaTrader 5 terhubung dengan sukses.
2026-05-25 14:19:22,502 [INFO] SMCBot.LiveTrader: 🔍 Mendeteksi tiket #19715531474 telah ditutup. Mengambil detail history...
2026-05-25 14:19:22,502 [WARNING] SMCBot.LiveTrader: Deal OUT untuk tiket posisi #19715531474 belum tercatat di history broker.
2026-05-25 14:19:22,514 [INFO] SMCBot.MT5: ✅ MetaTrader 5 terhubung dengan sukses.
2026-05-25 14:19:39,046 [INFO] SMCBot.MT5: ✅ MetaTrader 5 terhubung dengan sukses.
2026-05-25 14:19:39,061 [INFO] SMCBot.MT5: ✅ MetaTrader 5 terhubung dengan sukses.
2026-05-25 14:19:39,061 [INFO] SMCBot.LiveTrader: 🔍 Mendeteksi tiket #19715531474 telah ditutup. Mengambil detail history...
2026-05-25 14:19:39,062 [WARNING] SMCBot.LiveTrader: Deal OUT untuk tiket posisi #19715531474 belum tercatat di history broker.
2026-05-25 14:19:39,077 [INFO] SMCBot.MT5: ✅ MetaTrader 5 terhubung dengan sukses.
2026-05-25 14:19:55,294 [INFO] SMCBot.MT5: ✅ MetaTrader 5 terhubung dengan sukses.
2026-05-25 14:19:55,309 [INFO] SMCBot.MT5: ✅ MetaTrader 5 terhubung dengan sukses.
2026-05-25 14:19:55,309 [INFO] SMCBot.LiveTrader: 🔍 Mendeteksi tiket #19715531474 telah ditutup. Mengambil detail history...
2026-05-25 14:19:55,310 [WARNING] SMCBot.LiveTrader: Deal OUT untuk tiket posisi #19715531474 belum tercatat di history broker.
2026-05-25 14:19:55,325 [INFO] SMCBot.MT5: ✅ MetaTrader 5 terhubung dengan sukses.
2026-05-25 14:20:31,417 [INFO] SMCBot.LiveTrader: =========================================================
2026-05-25 14:20:31,417 [INFO] SMCBot.LiveTrader: 🚀 MEMULAI AUTO-TRADING BOT XAUUSD SMC (MT5)
2026-05-25 14:20:31,417 [INFO] SMCBot.LiveTrader: =========================================================
2026-05-25 14:20:31,426 [INFO] SMCBot.MT5: ✅ MetaTrader 5 terhubung dengan sukses.
2026-05-25 14:20:31,427 [INFO] SMCBot.LiveTrader: 📨 Background Telegram Listener aktif.
2026-05-25 14:20:32,525 [INFO] SMCBot.LiveTrader: 📅 Memulai hari baru trading: 2026-05-25. Reset loss harian ke $0.00.
2026-05-25 14:20:32,546 [INFO] SMCBot.MT5: ✅ MetaTrader 5 terhubung dengan sukses.
2026-05-25 14:20:34,159 [INFO] SMCBot.MT5: ✅ MetaTrader 5 terhubung dengan sukses.
2026-05-25 14:20:49,176 [INFO] SMCBot.MT5: ✅ MetaTrader 5 terhubung dengan sukses.
2026-05-25 14:21:05,889 [INFO] SMCBot.MT5: ✅ MetaTrader 5 terhubung dengan sukses.
2026-05-25 14:21:07,893 [INFO] SMCBot.MT5: ✅ MetaTrader 5 terhubung dengan sukses.
2026-05-25 14:21:22,909 [INFO] SMCBot.MT5: ✅ MetaTrader 5 terhubung dengan sukses.
2026-05-25 14:21:39,397 [INFO] SMCBot.MT5: ✅ MetaTrader 5 terhubung dengan sukses.
2026-05-25 14:21:56,050 [INFO] SMCBot.MT5: ✅ MetaTrader 5 terhubung dengan sukses.
2026-05-25 14:22:13,011 [INFO] SMCBot.MT5: ✅ MetaTrader 5 terhubung dengan sukses.
2026-05-25 14:22:16,187 [INFO] SMCBot.MT5: ✅ MetaTrader 5 terhubung dengan sukses.
2026-05-25 14:22:31,197 [INFO] SMCBot.MT5: ✅ MetaTrader 5 terhubung dengan sukses.
2026-05-25 14:22:47,879 [INFO] SMCBot.MT5: ✅ MetaTrader 5 terhubung dengan sukses.
2026-05-25 14:23:04,514 [INFO] SMCBot.MT5: ✅ MetaTrader 5 terhubung dengan sukses.
2026-05-25 14:23:06,116 [INFO] SMCBot.MT5: ✅ MetaTrader 5 terhubung dengan sukses.
2026-05-25 14:23:21,131 [INFO] SMCBot.MT5: ✅ MetaTrader 5 terhubung dengan sukses.
2026-05-25 14:23:37,856 [INFO] SMCBot.MT5: ✅ MetaTrader 5 terhubung dengan sukses.
2026-05-25 14:23:54,283 [INFO] SMCBot.MT5: ✅ MetaTrader 5 terhubung dengan sukses.
2026-05-25 14:24:11,304 [INFO] SMCBot.MT5: ✅ MetaTrader 5 terhubung dengan sukses.
2026-05-25 14:24:13,531 [INFO] SMCBot.MT5: ✅ MetaTrader 5 terhubung dengan sukses.
2026-05-25 14:24:28,544 [INFO] SMCBot.MT5: ✅ MetaTrader 5 terhubung dengan sukses.
2026-05-25 14:24:45,236 [INFO] SMCBot.MT5: ✅ MetaTrader 5 terhubung dengan sukses.
2026-05-25 14:25:01,855 [INFO] SMCBot.MT5: ✅ MetaTrader 5 terhubung dengan sukses.
2026-05-25 14:25:03,530 [INFO] SMCBot.MT5: ✅ MetaTrader 5 terhubung dengan sukses.
2026-05-25 14:25:18,547 [INFO] SMCBot.MT5: ✅ MetaTrader 5 terhubung dengan sukses.
2026-05-25 14:25:35,427 [INFO] SMCBot.MT5: ✅ MetaTrader 5 terhubung dengan sukses.
2026-05-25 14:25:52,683 [INFO] SMCBot.MT5: ✅ MetaTrader 5 terhubung dengan sukses.
2026-05-25 14:26:09,187 [INFO] SMCBot.MT5: ✅ MetaTrader 5 terhubung dengan sukses.
2026-05-25 14:26:10,820 [INFO] SMCBot.MT5: ✅ MetaTrader 5 terhubung dengan sukses.
2026-05-25 14:26:25,837 [INFO] SMCBot.MT5: ✅ MetaTrader 5 terhubung dengan sukses.
2026-05-25 14:26:42,164 [INFO] SMCBot.MT5: ✅ MetaTrader 5 terhubung dengan sukses.
2026-05-25 14:26:51,570 [INFO] SMCBot.LiveTrader: Pesan Telegram diterima: 'order block dimana?'
2026-05-25 14:26:58,884 [INFO] SMCBot.MT5: ✅ MetaTrader 5 terhubung dengan sukses.
2026-05-25 14:27:00,399 [INFO] SMCBot.MT5: ✅ MetaTrader 5 terhubung dengan sukses.
2026-05-25 14:27:15,410 [INFO] SMCBot.MT5: ✅ MetaTrader 5 terhubung dengan sukses.
2026-05-25 14:27:32,670 [INFO] SMCBot.MT5: ✅ MetaTrader 5 terhubung dengan sukses.
2026-05-25 14:27:49,418 [INFO] SMCBot.MT5: ✅ MetaTrader 5 terhubung dengan sukses.
2026-05-25 14:28:06,600 [INFO] SMCBot.MT5: ✅ MetaTrader 5 terhubung dengan sukses.
2026-05-25 14:28:08,236 [INFO] SMCBot.MT5: ✅ MetaTrader 5 terhubung dengan sukses.
2026-05-25 14:28:23,247 [INFO] SMCBot.MT5: ✅ MetaTrader 5 terhubung dengan sukses.
2026-05-25 14:28:39,718 [INFO] SMCBot.MT5: ✅ MetaTrader 5 terhubung dengan sukses.
2026-05-25 14:28:56,116 [INFO] SMCBot.MT5: ✅ MetaTrader 5 terhubung dengan sukses.
2026-05-25 14:29:12,784 [INFO] SMCBot.MT5: ✅ MetaTrader 5 terhubung dengan sukses.
2026-05-25 14:29:14,330 [INFO] SMCBot.MT5: ✅ MetaTrader 5 terhubung dengan sukses.
2026-05-25 14:29:29,344 [INFO] SMCBot.MT5: ✅ MetaTrader 5 terhubung dengan sukses.
2026-05-25 14:29:45,861 [INFO] SMCBot.MT5: ✅ MetaTrader 5 terhubung dengan sukses.
2026-05-25 14:30:02,525 [INFO] SMCBot.MT5: ✅ MetaTrader 5 terhubung dengan sukses.
2026-05-25 14:30:04,558 [INFO] SMCBot.MT5: ✅ MetaTrader 5 terhubung dengan sukses.
2026-05-25 14:30:19,574 [INFO] SMCBot.MT5: ✅ MetaTrader 5 terhubung dengan sukses.
2026-05-25 14:30:35,917 [INFO] SMCBot.MT5: ✅ MetaTrader 5 terhubung dengan sukses.
2026-05-25 14:30:52,586 [INFO] SMCBot.MT5: ✅ MetaTrader 5 terhubung dengan sukses.
2026-05-25 14:31:09,193 [INFO] SMCBot.MT5: ✅ MetaTrader 5 terhubung dengan sukses.
2026-05-25 14:31:11,241 [INFO] SMCBot.MT5: ✅ MetaTrader 5 terhubung dengan sukses.
2026-05-25 14:31:26,255 [INFO] SMCBot.MT5: ✅ MetaTrader 5 terhubung dengan sukses.
2026-05-25 14:31:42,840 [INFO] SMCBot.MT5: ✅ MetaTrader 5 terhubung dengan sukses.
2026-05-25 14:31:59,115 [INFO] SMCBot.MT5: ✅ MetaTrader 5 terhubung dengan sukses.
2026-05-25 14:32:01,033 [INFO] SMCBot.MT5: ✅ MetaTrader 5 terhubung dengan sukses.
2026-05-25 14:32:16,047 [INFO] SMCBot.MT5: ✅ MetaTrader 5 terhubung dengan sukses.
2026-05-25 14:32:31,957 [INFO] SMCBot.LiveTrader: Pesan Telegram diterima: 'order block dimana?'
2026-05-25 14:32:32,757 [INFO] SMCBot.MT5: ✅ MetaTrader 5 terhubung dengan sukses.
2026-05-25 14:32:48,988 [INFO] SMCBot.MT5: ✅ MetaTrader 5 terhubung dengan sukses.
2026-05-25 14:32:54,972 [INFO] SMCBot.LiveTrader: Pesan Telegram diterima: '/status'
2026-05-25 14:32:54,988 [INFO] SMCBot.MT5: ✅ MetaTrader 5 terhubung dengan sukses.
2026-05-25 14:33:05,704 [INFO] SMCBot.MT5: ✅ MetaTrader 5 terhubung dengan sukses.
2026-05-25 14:33:07,335 [INFO] SMCBot.MT5: ✅ MetaTrader 5 terhubung dengan sukses.
2026-05-25 14:33:22,349 [INFO] SMCBot.MT5: ✅ MetaTrader 5 terhubung dengan sukses.
2026-05-25 14:33:39,189 [INFO] SMCBot.MT5: ✅ MetaTrader 5 terhubung dengan sukses.
2026-05-25 14:33:55,455 [INFO] SMCBot.MT5: ✅ MetaTrader 5 terhubung dengan sukses.
2026-05-25 14:34:13,209 [INFO] SMCBot.MT5: ✅ MetaTrader 5 terhubung dengan sukses.
2026-05-25 14:34:14,983 [INFO] SMCBot.MT5: ✅ MetaTrader 5 terhubung dengan sukses.
2026-05-25 14:34:14,984 [INFO] SMCBot.LiveTrader: ℹ️ Ada 1 posisi bot sedang berjalan di MT5. Menunggu posisi ditutup...
2026-05-25 14:34:14,984 [INFO] SMCBot.LiveTrader: Synchronized running ticket #19715637031 to state.
2026-05-25 14:34:29,997 [INFO] SMCBot.MT5: ✅ MetaTrader 5 terhubung dengan sukses.
2026-05-25 14:34:30,012 [INFO] SMCBot.MT5: ✅ MetaTrader 5 terhubung dengan sukses.
2026-05-25 14:34:30,024 [INFO] SMCBot.MT5: ✅ MetaTrader 5 terhubung dengan sukses.
2026-05-25 14:34:46,735 [INFO] SMCBot.MT5: ✅ MetaTrader 5 terhubung dengan sukses.
2026-05-25 14:34:46,748 [INFO] SMCBot.MT5: ✅ MetaTrader 5 terhubung dengan sukses.
2026-05-25 14:34:46,764 [INFO] SMCBot.MT5: ✅ MetaTrader 5 terhubung dengan sukses.
2026-05-25 14:35:03,349 [INFO] SMCBot.MT5: ✅ MetaTrader 5 terhubung dengan sukses.
2026-05-25 14:35:03,364 [INFO] SMCBot.MT5: ✅ MetaTrader 5 terhubung dengan sukses.
2026-05-25 14:35:03,378 [INFO] SMCBot.MT5: ✅ MetaTrader 5 terhubung dengan sukses.
2026-05-25 14:35:04,697 [INFO] SMCBot.MT5: ✅ MetaTrader 5 terhubung dengan sukses.
2026-05-25 14:35:04,698 [INFO] SMCBot.LiveTrader: ℹ️ Ada 1 posisi bot sedang berjalan di MT5. Menunggu posisi ditutup...
2026-05-25 14:35:19,715 [INFO] SMCBot.MT5: ✅ MetaTrader 5 terhubung dengan sukses.
2026-05-25 14:35:19,732 [INFO] SMCBot.MT5: ✅ MetaTrader 5 terhubung dengan sukses.
2026-05-25 14:35:19,748 [INFO] SMCBot.MT5: ✅ MetaTrader 5 terhubung dengan sukses.
2026-05-25 14:35:36,686 [INFO] SMCBot.MT5: ✅ MetaTrader 5 terhubung dengan sukses.
2026-05-25 14:35:36,700 [INFO] SMCBot.MT5: ✅ MetaTrader 5 terhubung dengan sukses.
2026-05-25 14:35:36,714 [INFO] SMCBot.MT5: ✅ MetaTrader 5 terhubung dengan sukses.
2026-05-25 14:35:53,395 [INFO] SMCBot.MT5: ✅ MetaTrader 5 terhubung dengan sukses.
2026-05-25 14:35:53,407 [INFO] SMCBot.MT5: ✅ MetaTrader 5 terhubung dengan sukses.
2026-05-25 14:35:53,422 [INFO] SMCBot.MT5: ✅ MetaTrader 5 terhubung dengan sukses.
2026-05-25 14:36:10,093 [INFO] SMCBot.MT5: ✅ MetaTrader 5 terhubung dengan sukses.
2026-05-25 14:36:10,107 [INFO] SMCBot.MT5: ✅ MetaTrader 5 terhubung dengan sukses.
2026-05-25 14:36:10,121 [INFO] SMCBot.MT5: ✅ MetaTrader 5 terhubung dengan sukses.
2026-05-25 14:36:11,714 [INFO] SMCBot.MT5: ✅ MetaTrader 5 terhubung dengan sukses.
2026-05-25 14:36:11,714 [INFO] SMCBot.LiveTrader: ℹ️ Ada 1 posisi bot sedang berjalan di MT5. Menunggu posisi ditutup...
2026-05-25 14:36:26,730 [INFO] SMCBot.MT5: ✅ MetaTrader 5 terhubung dengan sukses.
2026-05-25 14:36:26,744 [INFO] SMCBot.MT5: ✅ MetaTrader 5 terhubung dengan sukses.
2026-05-25 14:36:26,760 [INFO] SMCBot.MT5: ✅ MetaTrader 5 terhubung dengan sukses.
2026-05-25 14:36:43,026 [INFO] SMCBot.MT5: ✅ MetaTrader 5 terhubung dengan sukses.
2026-05-25 14:36:43,050 [INFO] SMCBot.MT5: ✅ MetaTrader 5 terhubung dengan sukses.
2026-05-25 14:36:43,059 [INFO] SMCBot.MT5: ✅ MetaTrader 5 terhubung dengan sukses.
2026-05-25 14:36:59,810 [INFO] SMCBot.MT5: ✅ MetaTrader 5 terhubung dengan sukses.
2026-05-25 14:36:59,824 [INFO] SMCBot.MT5: ✅ MetaTrader 5 terhubung dengan sukses.
2026-05-25 14:36:59,838 [INFO] SMCBot.MT5: ✅ MetaTrader 5 terhubung dengan sukses.
2026-05-25 14:37:02,233 [INFO] SMCBot.MT5: ✅ MetaTrader 5 terhubung dengan sukses.
2026-05-25 14:37:02,233 [INFO] SMCBot.LiveTrader: ℹ️ Ada 1 posisi bot sedang berjalan di MT5. Menunggu posisi ditutup...
2026-05-25 14:37:17,247 [INFO] SMCBot.MT5: ✅ MetaTrader 5 terhubung dengan sukses.
2026-05-25 14:37:17,262 [INFO] SMCBot.MT5: ✅ MetaTrader 5 terhubung dengan sukses.
2026-05-25 14:37:17,273 [INFO] SMCBot.MT5: ✅ MetaTrader 5 terhubung dengan sukses.
2026-05-25 14:37:33,738 [INFO] SMCBot.MT5: ✅ MetaTrader 5 terhubung dengan sukses.
2026-05-25 14:37:33,749 [INFO] SMCBot.MT5: ✅ MetaTrader 5 terhubung dengan sukses.
2026-05-25 14:37:33,763 [INFO] SMCBot.MT5: ✅ MetaTrader 5 terhubung dengan sukses.
2026-05-25 14:37:50,493 [INFO] SMCBot.MT5: ✅ MetaTrader 5 terhubung dengan sukses.
2026-05-25 14:37:50,506 [INFO] SMCBot.MT5: ✅ MetaTrader 5 terhubung dengan sukses.
2026-05-25 14:37:50,517 [INFO] SMCBot.MT5: ✅ MetaTrader 5 terhubung dengan sukses.
2026-05-25 14:38:07,264 [INFO] SMCBot.MT5: ✅ MetaTrader 5 terhubung dengan sukses.
2026-05-25 14:38:07,277 [INFO] SMCBot.MT5: ✅ MetaTrader 5 terhubung dengan sukses.
2026-05-25 14:38:07,286 [INFO] SMCBot.MT5: ✅ MetaTrader 5 terhubung dengan sukses.
2026-05-25 14:38:08,906 [INFO] SMCBot.MT5: ✅ MetaTrader 5 terhubung dengan sukses.
2026-05-25 14:38:08,906 [INFO] SMCBot.LiveTrader: ℹ️ Ada 1 posisi bot sedang berjalan di MT5. Menunggu posisi ditutup...
2026-05-25 14:38:23,919 [INFO] SMCBot.MT5: ✅ MetaTrader 5 terhubung dengan sukses.
2026-05-25 14:38:23,931 [INFO] SMCBot.MT5: ✅ MetaTrader 5 terhubung dengan sukses.
2026-05-25 14:38:23,941 [INFO] SMCBot.MT5: ✅ MetaTrader 5 terhubung dengan sukses.
2026-05-25 14:38:41,288 [INFO] SMCBot.MT5: ✅ MetaTrader 5 terhubung dengan sukses.
2026-05-25 14:38:41,301 [INFO] SMCBot.MT5: ✅ MetaTrader 5 terhubung dengan sukses.
2026-05-25 14:38:41,311 [INFO] SMCBot.MT5: ✅ MetaTrader 5 terhubung dengan sukses.
2026-05-25 14:38:58,117 [INFO] SMCBot.MT5: ✅ MetaTrader 5 terhubung dengan sukses.
2026-05-25 14:38:58,131 [INFO] SMCBot.MT5: ✅ MetaTrader 5 terhubung dengan sukses.
2026-05-25 14:38:58,144 [INFO] SMCBot.MT5: ✅ MetaTrader 5 terhubung dengan sukses.
2026-05-25 14:39:00,061 [INFO] SMCBot.MT5: ✅ MetaTrader 5 terhubung dengan sukses.
2026-05-25 14:39:00,062 [INFO] SMCBot.LiveTrader: ℹ️ Ada 1 posisi bot sedang berjalan di MT5. Menunggu posisi ditutup...
2026-05-25 14:39:15,077 [INFO] SMCBot.MT5: ✅ MetaTrader 5 terhubung dengan sukses.
2026-05-25 14:39:15,093 [INFO] SMCBot.MT5: ✅ MetaTrader 5 terhubung dengan sukses.
2026-05-25 14:39:15,108 [INFO] SMCBot.MT5: ✅ MetaTrader 5 terhubung dengan sukses.
2026-05-25 14:39:31,700 [INFO] SMCBot.MT5: ✅ MetaTrader 5 terhubung dengan sukses.
2026-05-25 14:39:31,714 [INFO] SMCBot.MT5: ✅ MetaTrader 5 terhubung dengan sukses.
2026-05-25 14:39:31,724 [INFO] SMCBot.MT5: ✅ MetaTrader 5 terhubung dengan sukses.
2026-05-25 14:39:48,306 [INFO] SMCBot.MT5: ✅ MetaTrader 5 terhubung dengan sukses.
2026-05-25 14:39:48,323 [INFO] SMCBot.MT5: ✅ MetaTrader 5 terhubung dengan sukses.
2026-05-25 14:39:48,339 [INFO] SMCBot.MT5: ✅ MetaTrader 5 terhubung dengan sukses.
2026-05-25 14:40:05,018 [INFO] SMCBot.MT5: ✅ MetaTrader 5 terhubung dengan sukses.
2026-05-25 14:40:05,030 [INFO] SMCBot.MT5: ✅ MetaTrader 5 terhubung dengan sukses.
2026-05-25 14:40:05,040 [INFO] SMCBot.MT5: ✅ MetaTrader 5 terhubung dengan sukses.
2026-05-25 14:40:07,470 [INFO] SMCBot.MT5: ✅ MetaTrader 5 terhubung dengan sukses.
2026-05-25 14:40:07,471 [INFO] SMCBot.LiveTrader: ℹ️ Ada 1 posisi bot sedang berjalan di MT5. Menunggu posisi ditutup...
2026-05-25 14:40:22,486 [INFO] SMCBot.MT5: ✅ MetaTrader 5 terhubung dengan sukses.
2026-05-25 14:40:22,498 [INFO] SMCBot.MT5: ✅ MetaTrader 5 terhubung dengan sukses.
2026-05-25 14:40:22,510 [INFO] SMCBot.MT5: ✅ MetaTrader 5 terhubung dengan sukses.
2026-05-25 14:40:39,417 [INFO] SMCBot.MT5: ✅ MetaTrader 5 terhubung dengan sukses.
2026-05-25 14:40:39,431 [INFO] SMCBot.MT5: ✅ MetaTrader 5 terhubung dengan sukses.
2026-05-25 14:40:39,446 [INFO] SMCBot.MT5: ✅ MetaTrader 5 terhubung dengan sukses.
2026-05-25 14:40:56,488 [INFO] SMCBot.MT5: ✅ MetaTrader 5 terhubung dengan sukses.
2026-05-25 14:40:56,498 [INFO] SMCBot.MT5: ✅ MetaTrader 5 terhubung dengan sukses.
2026-05-25 14:40:56,508 [INFO] SMCBot.MT5: ✅ MetaTrader 5 terhubung dengan sukses.
2026-05-25 14:41:13,491 [INFO] SMCBot.MT5: ✅ MetaTrader 5 terhubung dengan sukses.
2026-05-25 14:41:13,508 [INFO] SMCBot.MT5: ✅ MetaTrader 5 terhubung dengan sukses.
2026-05-25 14:41:13,523 [INFO] SMCBot.MT5: ✅ MetaTrader 5 terhubung dengan sukses.
2026-05-25 14:41:15,681 [INFO] SMCBot.MT5: ✅ MetaTrader 5 terhubung dengan sukses.
2026-05-25 14:41:15,682 [INFO] SMCBot.LiveTrader: ℹ️ Ada 1 posisi bot sedang berjalan di MT5. Menunggu posisi ditutup...
2026-05-25 14:41:30,700 [INFO] SMCBot.MT5: ✅ MetaTrader 5 terhubung dengan sukses.
2026-05-25 14:41:30,714 [INFO] SMCBot.MT5: ✅ MetaTrader 5 terhubung dengan sukses.
2026-05-25 14:41:30,727 [INFO] SMCBot.MT5: ✅ MetaTrader 5 terhubung dengan sukses.
2026-05-25 14:41:47,255 [INFO] SMCBot.MT5: ✅ MetaTrader 5 terhubung dengan sukses.
2026-05-25 14:41:47,267 [INFO] SMCBot.MT5: ✅ MetaTrader 5 terhubung dengan sukses.
2026-05-25 14:41:47,276 [INFO] SMCBot.MT5: ✅ MetaTrader 5 terhubung dengan sukses.
2026-05-25 14:42:03,587 [INFO] SMCBot.MT5: ✅ MetaTrader 5 terhubung dengan sukses.
2026-05-25 14:42:03,602 [INFO] SMCBot.MT5: ✅ MetaTrader 5 terhubung dengan sukses.
2026-05-25 14:42:03,617 [INFO] SMCBot.MT5: ✅ MetaTrader 5 terhubung dengan sukses.
2026-05-25 14:42:05,268 [INFO] SMCBot.MT5: ✅ MetaTrader 5 terhubung dengan sukses.
2026-05-25 14:42:05,269 [INFO] SMCBot.LiveTrader: ℹ️ Ada 1 posisi bot sedang berjalan di MT5. Menunggu posisi ditutup...
2026-05-25 14:42:20,279 [INFO] SMCBot.MT5: ✅ MetaTrader 5 terhubung dengan sukses.
2026-05-25 14:42:20,288 [INFO] SMCBot.MT5: ✅ MetaTrader 5 terhubung dengan sukses.
2026-05-25 14:42:20,298 [INFO] SMCBot.MT5: ✅ MetaTrader 5 terhubung dengan sukses.
2026-05-25 14:42:36,971 [INFO] SMCBot.MT5: ✅ MetaTrader 5 terhubung dengan sukses.
2026-05-25 14:42:36,981 [INFO] SMCBot.MT5: ✅ MetaTrader 5 terhubung dengan sukses.
2026-05-25 14:42:36,991 [INFO] SMCBot.MT5: ✅ MetaTrader 5 terhubung dengan sukses.
2026-05-25 14:42:53,151 [INFO] SMCBot.MT5: ✅ MetaTrader 5 terhubung dengan sukses.
2026-05-25 14:42:53,164 [INFO] SMCBot.MT5: ✅ MetaTrader 5 terhubung dengan sukses.
2026-05-25 14:42:53,174 [INFO] SMCBot.MT5: ✅ MetaTrader 5 terhubung dengan sukses.
2026-05-25 14:43:09,806 [INFO] SMCBot.MT5: ✅ MetaTrader 5 terhubung dengan sukses.
2026-05-25 14:43:09,821 [INFO] SMCBot.MT5: ✅ MetaTrader 5 terhubung dengan sukses.
2026-05-25 14:43:09,831 [INFO] SMCBot.MT5: ✅ MetaTrader 5 terhubung dengan sukses.
2026-05-25 14:43:11,399 [INFO] SMCBot.MT5: ✅ MetaTrader 5 terhubung dengan sukses.
2026-05-25 14:43:11,400 [INFO] SMCBot.LiveTrader: ℹ️ Ada 1 posisi bot sedang berjalan di MT5. Menunggu posisi ditutup...
2026-05-25 14:43:26,415 [INFO] SMCBot.MT5: ✅ MetaTrader 5 terhubung dengan sukses.
2026-05-25 14:43:26,431 [INFO] SMCBot.MT5: ✅ MetaTrader 5 terhubung dengan sukses.
2026-05-25 14:43:26,449 [INFO] SMCBot.MT5: ✅ MetaTrader 5 terhubung dengan sukses.
2026-05-25 14:43:43,378 [INFO] SMCBot.MT5: ✅ MetaTrader 5 terhubung dengan sukses.
2026-05-25 14:43:43,393 [INFO] SMCBot.MT5: ✅ MetaTrader 5 terhubung dengan sukses.
2026-05-25 14:43:43,408 [INFO] SMCBot.MT5: ✅ MetaTrader 5 terhubung dengan sukses.
2026-05-25 14:44:00,769 [INFO] SMCBot.MT5: ✅ MetaTrader 5 terhubung dengan sukses.
2026-05-25 14:44:00,785 [INFO] SMCBot.MT5: ✅ MetaTrader 5 terhubung dengan sukses.
2026-05-25 14:44:00,801 [INFO] SMCBot.MT5: ✅ MetaTrader 5 terhubung dengan sukses.
2026-05-25 14:44:02,578 [INFO] SMCBot.MT5: ✅ MetaTrader 5 terhubung dengan sukses.
2026-05-25 14:44:02,578 [INFO] SMCBot.LiveTrader: ℹ️ Ada 1 posisi bot sedang berjalan di MT5. Menunggu posisi ditutup...
2026-05-25 14:44:17,591 [INFO] SMCBot.MT5: ✅ MetaTrader 5 terhubung dengan sukses.
2026-05-25 14:44:17,606 [INFO] SMCBot.MT5: ✅ MetaTrader 5 terhubung dengan sukses.
2026-05-25 14:44:17,617 [INFO] SMCBot.MT5: ✅ MetaTrader 5 terhubung dengan sukses.
2026-05-25 14:44:34,358 [INFO] SMCBot.MT5: ✅ MetaTrader 5 terhubung dengan sukses.
2026-05-25 14:44:34,375 [INFO] SMCBot.MT5: ✅ MetaTrader 5 terhubung dengan sukses.
2026-05-25 14:44:34,386 [INFO] SMCBot.MT5: ✅ MetaTrader 5 terhubung dengan sukses.
2026-05-25 14:44:51,624 [INFO] SMCBot.MT5: ✅ MetaTrader 5 terhubung dengan sukses.
2026-05-25 14:44:51,640 [INFO] SMCBot.MT5: ✅ MetaTrader 5 terhubung dengan sukses.
2026-05-25 14:44:51,652 [INFO] SMCBot.MT5: ✅ MetaTrader 5 terhubung dengan sukses.
2026-05-25 14:45:07,975 [INFO] SMCBot.MT5: ✅ MetaTrader 5 terhubung dengan sukses.
2026-05-25 14:45:07,987 [INFO] SMCBot.MT5: ✅ MetaTrader 5 terhubung dengan sukses.
2026-05-25 14:45:07,995 [INFO] SMCBot.MT5: ✅ MetaTrader 5 terhubung dengan sukses.
2026-05-25 14:45:09,568 [INFO] SMCBot.MT5: ✅ MetaTrader 5 terhubung dengan sukses.
2026-05-25 14:45:09,568 [INFO] SMCBot.LiveTrader: ℹ️ Ada 1 posisi bot sedang berjalan di MT5. Menunggu posisi ditutup...
2026-05-25 14:45:24,579 [INFO] SMCBot.MT5: ✅ MetaTrader 5 terhubung dengan sukses.
2026-05-25 14:45:24,597 [INFO] SMCBot.MT5: ✅ MetaTrader 5 terhubung dengan sukses.
2026-05-25 14:45:24,612 [INFO] SMCBot.MT5: ✅ MetaTrader 5 terhubung dengan sukses.
2026-05-25 14:45:42,488 [INFO] SMCBot.MT5: ✅ MetaTrader 5 terhubung dengan sukses.
2026-05-25 14:45:42,502 [INFO] SMCBot.MT5: ✅ MetaTrader 5 terhubung dengan sukses.
2026-05-25 14:45:42,515 [INFO] SMCBot.MT5: ✅ MetaTrader 5 terhubung dengan sukses.
2026-05-25 14:45:59,147 [INFO] SMCBot.MT5: ✅ MetaTrader 5 terhubung dengan sukses.
2026-05-25 14:45:59,160 [INFO] SMCBot.MT5: ✅ MetaTrader 5 terhubung dengan sukses.
2026-05-25 14:45:59,175 [INFO] SMCBot.MT5: ✅ MetaTrader 5 terhubung dengan sukses.
2026-05-25 14:46:00,659 [INFO] SMCBot.MT5: ✅ MetaTrader 5 terhubung dengan sukses.
2026-05-25 14:46:00,659 [INFO] SMCBot.LiveTrader: ℹ️ Ada 1 posisi bot sedang berjalan di MT5. Menunggu posisi ditutup...
2026-05-25 14:46:15,674 [INFO] SMCBot.MT5: ✅ MetaTrader 5 terhubung dengan sukses.
2026-05-25 14:46:15,686 [INFO] SMCBot.MT5: ✅ MetaTrader 5 terhubung dengan sukses.
2026-05-25 14:46:15,698 [INFO] SMCBot.MT5: ✅ MetaTrader 5 terhubung dengan sukses.
2026-05-25 14:46:32,696 [INFO] SMCBot.MT5: ✅ MetaTrader 5 terhubung dengan sukses.
2026-05-25 14:46:32,709 [INFO] SMCBot.MT5: ✅ MetaTrader 5 terhubung dengan sukses.
2026-05-25 14:46:32,723 [INFO] SMCBot.MT5: ✅ MetaTrader 5 terhubung dengan sukses.
2026-05-25 14:46:49,255 [INFO] SMCBot.MT5: ✅ MetaTrader 5 terhubung dengan sukses.
2026-05-25 14:46:49,271 [INFO] SMCBot.MT5: ✅ MetaTrader 5 terhubung dengan sukses.
2026-05-25 14:46:49,286 [INFO] SMCBot.MT5: ✅ MetaTrader 5 terhubung dengan sukses.
2026-05-25 14:47:06,276 [INFO] SMCBot.MT5: ✅ MetaTrader 5 terhubung dengan sukses.
2026-05-25 14:47:06,287 [INFO] SMCBot.MT5: ✅ MetaTrader 5 terhubung dengan sukses.
2026-05-25 14:47:06,298 [INFO] SMCBot.MT5: ✅ MetaTrader 5 terhubung dengan sukses.
2026-05-25 14:47:08,768 [INFO] SMCBot.MT5: ✅ MetaTrader 5 terhubung dengan sukses.
2026-05-25 14:47:08,768 [INFO] SMCBot.LiveTrader: ℹ️ Ada 1 posisi bot sedang berjalan di MT5. Menunggu posisi ditutup...
2026-05-25 14:47:23,785 [INFO] SMCBot.MT5: ✅ MetaTrader 5 terhubung dengan sukses.
2026-05-25 14:47:23,801 [INFO] SMCBot.MT5: ✅ MetaTrader 5 terhubung dengan sukses.
2026-05-25 14:47:23,815 [INFO] SMCBot.MT5: ✅ MetaTrader 5 terhubung dengan sukses.
2026-05-25 14:47:40,711 [INFO] SMCBot.MT5: ✅ MetaTrader 5 terhubung dengan sukses.
2026-05-25 14:47:40,727 [INFO] SMCBot.MT5: ✅ MetaTrader 5 terhubung dengan sukses.
2026-05-25 14:47:40,743 [INFO] SMCBot.MT5: ✅ MetaTrader 5 terhubung dengan sukses.
2026-05-25 14:47:57,506 [INFO] SMCBot.MT5: ✅ MetaTrader 5 terhubung dengan sukses.
2026-05-25 14:47:57,519 [INFO] SMCBot.MT5: ✅ MetaTrader 5 terhubung dengan sukses.
2026-05-25 14:47:57,533 [INFO] SMCBot.MT5: ✅ MetaTrader 5 terhubung dengan sukses.
2026-05-25 14:48:13,851 [INFO] SMCBot.MT5: ✅ MetaTrader 5 terhubung dengan sukses.
2026-05-25 14:48:13,864 [INFO] SMCBot.MT5: ✅ MetaTrader 5 terhubung dengan sukses.
2026-05-25 14:48:13,875 [INFO] SMCBot.MT5: ✅ MetaTrader 5 terhubung dengan sukses.
2026-05-25 14:48:15,699 [INFO] SMCBot.MT5: ✅ MetaTrader 5 terhubung dengan sukses.
2026-05-25 14:48:15,699 [INFO] SMCBot.LiveTrader: ℹ️ Ada 1 posisi bot sedang berjalan di MT5. Menunggu posisi ditutup...
2026-05-25 14:48:30,716 [INFO] SMCBot.MT5: ✅ MetaTrader 5 terhubung dengan sukses.
2026-05-25 14:48:30,732 [INFO] SMCBot.MT5: ✅ MetaTrader 5 terhubung dengan sukses.
2026-05-25 14:48:30,741 [INFO] SMCBot.MT5: ✅ MetaTrader 5 terhubung dengan sukses.
2026-05-25 14:48:47,221 [INFO] SMCBot.MT5: ✅ MetaTrader 5 terhubung dengan sukses.
2026-05-25 14:48:47,237 [INFO] SMCBot.MT5: ✅ MetaTrader 5 terhubung dengan sukses.
2026-05-25 14:48:47,251 [INFO] SMCBot.MT5: ✅ MetaTrader 5 terhubung dengan sukses.
2026-05-25 14:49:04,442 [INFO] SMCBot.MT5: ✅ MetaTrader 5 terhubung dengan sukses.
2026-05-25 14:49:04,459 [INFO] SMCBot.MT5: ✅ MetaTrader 5 terhubung dengan sukses.
2026-05-25 14:49:04,472 [INFO] SMCBot.MT5: ✅ MetaTrader 5 terhubung dengan sukses.
2026-05-25 14:49:06,220 [INFO] SMCBot.MT5: ✅ MetaTrader 5 terhubung dengan sukses.
2026-05-25 14:49:06,220 [INFO] SMCBot.LiveTrader: ℹ️ Ada 1 posisi bot sedang berjalan di MT5. Menunggu posisi ditutup...
2026-05-25 14:49:21,236 [INFO] SMCBot.MT5: ✅ MetaTrader 5 terhubung dengan sukses.
2026-05-25 14:49:21,253 [INFO] SMCBot.MT5: ✅ MetaTrader 5 terhubung dengan sukses.
2026-05-25 14:49:21,267 [INFO] SMCBot.MT5: ✅ MetaTrader 5 terhubung dengan sukses.
2026-05-25 14:49:37,425 [INFO] SMCBot.MT5: ✅ MetaTrader 5 terhubung dengan sukses.
2026-05-25 14:49:37,438 [INFO] SMCBot.MT5: ✅ MetaTrader 5 terhubung dengan sukses.
2026-05-25 14:49:37,454 [INFO] SMCBot.MT5: ✅ MetaTrader 5 terhubung dengan sukses.
2026-05-25 14:49:53,926 [INFO] SMCBot.MT5: ✅ MetaTrader 5 terhubung dengan sukses.
2026-05-25 14:49:53,941 [INFO] SMCBot.MT5: ✅ MetaTrader 5 terhubung dengan sukses.
2026-05-25 14:49:53,956 [INFO] SMCBot.MT5: ✅ MetaTrader 5 terhubung dengan sukses.
2026-05-25 14:50:10,510 [INFO] SMCBot.MT5: ✅ MetaTrader 5 terhubung dengan sukses.
2026-05-25 14:50:10,522 [INFO] SMCBot.MT5: ✅ MetaTrader 5 terhubung dengan sukses.
2026-05-25 14:50:10,537 [INFO] SMCBot.MT5: ✅ MetaTrader 5 terhubung dengan sukses.
2026-05-25 14:50:12,437 [INFO] SMCBot.MT5: ✅ MetaTrader 5 terhubung dengan sukses.
2026-05-25 14:50:12,438 [INFO] SMCBot.LiveTrader: ℹ️ Ada 1 posisi bot sedang berjalan di MT5. Menunggu posisi ditutup...
2026-05-25 14:50:27,455 [INFO] SMCBot.MT5: ✅ MetaTrader 5 terhubung dengan sukses.
2026-05-25 14:50:27,470 [INFO] SMCBot.MT5: ✅ MetaTrader 5 terhubung dengan sukses.
2026-05-25 14:50:27,485 [INFO] SMCBot.MT5: ✅ MetaTrader 5 terhubung dengan sukses.
2026-05-25 14:50:44,076 [INFO] SMCBot.MT5: ✅ MetaTrader 5 terhubung dengan sukses.
2026-05-25 14:50:44,091 [INFO] SMCBot.MT5: ✅ MetaTrader 5 terhubung dengan sukses.
2026-05-25 14:50:44,105 [INFO] SMCBot.MT5: ✅ MetaTrader 5 terhubung dengan sukses.
2026-05-25 14:51:01,073 [INFO] SMCBot.MT5: ✅ MetaTrader 5 terhubung dengan sukses.
2026-05-25 14:51:01,091 [INFO] SMCBot.MT5: ✅ MetaTrader 5 terhubung dengan sukses.
2026-05-25 14:51:01,106 [INFO] SMCBot.MT5: ✅ MetaTrader 5 terhubung dengan sukses.
2026-05-25 14:51:03,109 [INFO] SMCBot.MT5: ✅ MetaTrader 5 terhubung dengan sukses.
2026-05-25 14:51:03,109 [INFO] SMCBot.LiveTrader: ℹ️ Ada 1 posisi bot sedang berjalan di MT5. Menunggu posisi ditutup...
2026-05-25 14:51:18,124 [INFO] SMCBot.MT5: ✅ MetaTrader 5 terhubung dengan sukses.
2026-05-25 14:51:18,138 [INFO] SMCBot.MT5: ✅ MetaTrader 5 terhubung dengan sukses.
2026-05-25 14:51:18,150 [INFO] SMCBot.MT5: ✅ MetaTrader 5 terhubung dengan sukses.
2026-05-25 14:51:35,482 [INFO] SMCBot.MT5: ✅ MetaTrader 5 terhubung dengan sukses.
2026-05-25 14:51:35,495 [INFO] SMCBot.MT5: ✅ MetaTrader 5 terhubung dengan sukses.
2026-05-25 14:51:35,509 [INFO] SMCBot.MT5: ✅ MetaTrader 5 terhubung dengan sukses.
2026-05-25 14:51:51,763 [INFO] SMCBot.MT5: ✅ MetaTrader 5 terhubung dengan sukses.
2026-05-25 14:51:51,778 [INFO] SMCBot.MT5: ✅ MetaTrader 5 terhubung dengan sukses.
2026-05-25 14:51:51,789 [INFO] SMCBot.MT5: ✅ MetaTrader 5 terhubung dengan sukses.
2026-05-25 14:52:08,751 [INFO] SMCBot.MT5: ✅ MetaTrader 5 terhubung dengan sukses.
2026-05-25 14:52:08,766 [INFO] SMCBot.MT5: ✅ MetaTrader 5 terhubung dengan sukses.
2026-05-25 14:52:08,783 [INFO] SMCBot.MT5: ✅ MetaTrader 5 terhubung dengan sukses.
2026-05-25 14:52:10,389 [INFO] SMCBot.MT5: ✅ MetaTrader 5 terhubung dengan sukses.
2026-05-25 14:52:10,389 [INFO] SMCBot.LiveTrader: ℹ️ Ada 1 posisi bot sedang berjalan di MT5. Menunggu posisi ditutup...
2026-05-25 14:52:25,400 [INFO] SMCBot.MT5: ✅ MetaTrader 5 terhubung dengan sukses.
2026-05-25 14:52:25,408 [INFO] SMCBot.MT5: ✅ MetaTrader 5 terhubung dengan sukses.
2026-05-25 14:52:25,426 [INFO] SMCBot.MT5: ✅ MetaTrader 5 terhubung dengan sukses.
2026-05-25 14:52:42,170 [INFO] SMCBot.MT5: ✅ MetaTrader 5 terhubung dengan sukses.
2026-05-25 14:52:42,188 [INFO] SMCBot.MT5: ✅ MetaTrader 5 terhubung dengan sukses.
2026-05-25 14:52:42,203 [INFO] SMCBot.MT5: ✅ MetaTrader 5 terhubung dengan sukses.
2026-05-25 14:52:59,057 [INFO] SMCBot.MT5: ✅ MetaTrader 5 terhubung dengan sukses.
2026-05-25 14:52:59,068 [INFO] SMCBot.MT5: ✅ MetaTrader 5 terhubung dengan sukses.
2026-05-25 14:52:59,081 [INFO] SMCBot.MT5: ✅ MetaTrader 5 terhubung dengan sukses.
2026-05-25 14:53:00,939 [INFO] SMCBot.MT5: ✅ MetaTrader 5 terhubung dengan sukses.
2026-05-25 14:53:00,940 [INFO] SMCBot.LiveTrader: ℹ️ Ada 1 posisi bot sedang berjalan di MT5. Menunggu posisi ditutup...
2026-05-25 14:53:15,955 [INFO] SMCBot.MT5: ✅ MetaTrader 5 terhubung dengan sukses.
2026-05-25 14:53:15,970 [INFO] SMCBot.MT5: ✅ MetaTrader 5 terhubung dengan sukses.
2026-05-25 14:53:15,983 [INFO] SMCBot.MT5: ✅ MetaTrader 5 terhubung dengan sukses.
2026-05-25 14:53:32,464 [INFO] SMCBot.MT5: ✅ MetaTrader 5 terhubung dengan sukses.
2026-05-25 14:53:32,475 [INFO] SMCBot.MT5: ✅ MetaTrader 5 terhubung dengan sukses.
2026-05-25 14:53:32,488 [INFO] SMCBot.MT5: ✅ MetaTrader 5 terhubung dengan sukses.
2026-05-25 14:53:49,127 [INFO] SMCBot.MT5: ✅ MetaTrader 5 terhubung dengan sukses.
2026-05-25 14:53:49,137 [INFO] SMCBot.MT5: ✅ MetaTrader 5 terhubung dengan sukses.
2026-05-25 14:53:49,146 [INFO] SMCBot.MT5: ✅ MetaTrader 5 terhubung dengan sukses.
2026-05-25 14:54:05,649 [INFO] SMCBot.MT5: ✅ MetaTrader 5 terhubung dengan sukses.
2026-05-25 14:54:05,664 [INFO] SMCBot.MT5: ✅ MetaTrader 5 terhubung dengan sukses.
2026-05-25 14:54:05,677 [INFO] SMCBot.MT5: ✅ MetaTrader 5 terhubung dengan sukses.
2026-05-25 14:54:07,142 [INFO] SMCBot.MT5: ✅ MetaTrader 5 terhubung dengan sukses.
2026-05-25 14:54:07,143 [INFO] SMCBot.LiveTrader: ℹ️ Ada 1 posisi bot sedang berjalan di MT5. Menunggu posisi ditutup...
2026-05-25 14:54:22,158 [INFO] SMCBot.MT5: ✅ MetaTrader 5 terhubung dengan sukses.
2026-05-25 14:54:22,172 [INFO] SMCBot.MT5: ✅ MetaTrader 5 terhubung dengan sukses.
2026-05-25 14:54:22,183 [INFO] SMCBot.MT5: ✅ MetaTrader 5 terhubung dengan sukses.
2026-05-25 14:54:38,661 [INFO] SMCBot.MT5: ✅ MetaTrader 5 terhubung dengan sukses.
2026-05-25 14:54:38,677 [INFO] SMCBot.MT5: ✅ MetaTrader 5 terhubung dengan sukses.
2026-05-25 14:54:38,690 [INFO] SMCBot.MT5: ✅ MetaTrader 5 terhubung dengan sukses.
2026-05-25 16:14:49,096 [INFO] SMCBot.LiveTrader: =========================================================
2026-05-25 16:14:49,097 [INFO] SMCBot.LiveTrader: 🚀 MEMULAI AUTO-TRADING BOT XAUUSD SMC (MT5)
2026-05-25 16:14:49,098 [INFO] SMCBot.LiveTrader: =========================================================
2026-05-25 16:14:49,111 [INFO] SMCBot.MT5: ✅ MetaTrader 5 terhubung dengan sukses.
2026-05-25 16:14:49,112 [INFO] SMCBot.LiveTrader: 📨 Background Telegram Listener aktif.
2026-05-25 16:14:50,239 [INFO] SMCBot.LiveTrader: 📅 Memulai hari baru trading: 2026-05-25. Reset loss harian ke $0.00.
2026-05-25 16:14:50,247 [INFO] SMCBot.MT5: ✅ MetaTrader 5 terhubung dengan sukses.
2026-05-25 16:14:51,698 [INFO] SMCBot.MT5: ✅ MetaTrader 5 terhubung dengan sukses.
2026-05-25 16:14:56,054 [INFO] SMCBot.LiveTrader: Pesan Telegram diterima: '/status'
2026-05-25 16:14:56,065 [INFO] SMCBot.MT5: ✅ MetaTrader 5 terhubung dengan sukses.
